# Generated by tools/make-block-meshes.py -- edit that, not this.
# Xylophone by Daniel Melchior, CC-BY 3.0, from https://poly.pizza/m/a-OYg3WVXfV
v 0.53154 0.32085 0.18840
v 0.46082 0.31341 -0.03629
v 0.45972 0.31290 0.18803
v 0.53265 0.32136 -0.03592
v 0.51925 -0.22499 0.18710
v 0.52035 -0.22448 -0.03722
v 0.59217 -0.21653 -0.03685
v 0.59107 -0.21704 0.18747
v -0.41167 0.07696 0.12847
v -0.48488 0.06833 -0.04062
v -0.48322 0.06686 0.12908
v -0.41333 0.07843 -0.04123
v -0.44815 -0.18168 0.12659
v -0.44982 -0.18021 -0.04311
v -0.37827 -0.17011 -0.04372
v -0.37661 -0.17158 0.12598
v -0.45522 0.03965 0.07836
v 0.48306 0.24404 0.09499
v 0.48335 0.24417 0.03672
v 0.48976 0.18626 0.03662
v 0.48947 0.18613 0.09489
v -0.44653 -0.01693 0.01909
v -0.44906 -0.01828 0.07728
v -0.45269 0.04100 0.02017
v -0.45446 -0.09477 0.08169
v 0.54678 -0.10586 0.10225
v 0.54652 -0.10556 0.04399
v 0.54316 -0.16373 0.04371
v 0.54342 -0.16403 0.10197
v -0.44471 -0.15405 0.02529
v -0.44907 -0.15276 0.08337
v -0.45010 -0.09606 0.02360
v 0.70771 0.49700 -0.03466
v -0.79929 0.33049 -0.18697
v -0.80000 0.33016 -0.04245
v 0.70842 0.49733 -0.17918
v -0.70842 -0.49733 -0.04388
v -0.70771 -0.49700 -0.18840
v 0.80000 -0.33016 -0.18061
v 0.79929 -0.33049 -0.03609
v 0.44524 0.26492 0.11388
v 0.33863 0.25004 0.09232
v 0.33800 0.24971 0.10967
v 0.44587 0.26526 0.09653
v 0.38970 -0.19281 0.11549
v 0.38983 -0.19285 0.09812
v 0.49664 -0.17442 0.09887
v 0.49651 -0.17437 0.11624
v 0.32115 0.23355 0.10892
v 0.21439 0.21988 0.08734
v 0.21372 0.21975 0.10470
v 0.32182 0.23368 0.09157
v 0.26431 -0.19912 0.11240
v 0.26416 -0.19923 0.09503
v 0.37139 -0.18339 0.09401
v 0.37154 -0.18328 0.11138
v 0.19502 0.20892 0.10488
v 0.08842 0.19557 0.08229
v 0.08756 0.19570 0.09964
v 0.19588 0.20879 0.08753
v 0.13745 -0.19789 0.10862
v 0.13779 -0.19788 0.09126
v 0.24567 -0.18758 0.09341
v 0.24533 -0.18759 0.11078
v 0.07129 0.18656 0.10262
v -0.03604 0.17547 0.08243
v -0.03650 0.17546 0.09979
v 0.07174 0.18656 0.08526
v 0.01474 -0.19928 0.10603
v 0.01445 -0.19907 0.08867
v 0.12206 -0.18616 0.08702
v 0.12235 -0.18637 0.10438
v -0.04768 0.16334 0.10213
v -0.15445 0.15041 0.08014
v -0.15529 0.15122 0.09747
v -0.04684 0.16252 0.08480
v -0.10932 -0.19480 0.10360
v -0.10948 -0.19448 0.08623
v -0.00162 -0.18381 0.08542
v -0.00146 -0.18413 0.10279
v -0.16292 0.13908 0.09782
v -0.26933 0.12601 0.07426
v -0.27037 0.12625 0.09159
v -0.16188 0.13883 0.08049
v -0.23047 -0.19335 0.10258
v -0.23096 -0.19341 0.08522
v -0.12303 -0.18392 0.08214
v -0.12254 -0.18387 0.09950
v -0.28363 0.10552 0.09593
v -0.39090 0.09479 0.07522
v -0.39152 0.09561 0.09256
v -0.28302 0.10471 0.07859
v -0.35197 -0.19455 0.10274
v -0.35245 -0.19486 0.08538
v -0.24479 -0.18274 0.08216
v -0.24430 -0.18243 0.09952
v 0.39948 0.18889 0.13247
v 0.40250 0.19099 0.13256
v 0.39706 0.19582 0.13352
v 0.40405 0.19438 0.13272
v 0.40373 0.19817 0.13290
v 0.40163 0.20134 0.13306
v 0.39830 0.20304 0.13315
v 0.39464 0.20281 0.13315
v 0.39163 0.20072 0.13306
v 0.39007 0.19732 0.13291
v 0.39039 0.19353 0.13272
v 0.39249 0.19036 0.13257
v 0.39582 0.18867 0.13247
v 0.40727 0.18681 0.13031
v 0.40161 0.18287 0.13015
v 0.41019 0.19319 0.13061
v 0.40960 0.20031 0.13095
v 0.40564 0.20626 0.13125
v 0.39938 0.20945 0.13142
v 0.39250 0.20902 0.13142
v 0.38684 0.20509 0.13125
v 0.38392 0.19871 0.13096
v 0.38451 0.19159 0.13062
v 0.38847 0.18563 0.13032
v 0.39473 0.18245 0.13015
v 0.41081 0.18378 0.12704
v 0.40318 0.17848 0.12682
v 0.41474 0.19238 0.12744
v 0.41394 0.20197 0.12790
v 0.40861 0.20999 0.12830
v 0.40018 0.21429 0.12853
v 0.39091 0.21371 0.12853
v 0.38328 0.20841 0.12831
v 0.37934 0.19982 0.12791
v 0.38015 0.19022 0.12745
v 0.38548 0.18220 0.12705
v 0.39391 0.17790 0.12682
v 0.40401 0.17625 0.12288
v 0.41268 0.18227 0.12314
v 0.41716 0.19205 0.12359
v 0.41625 0.20296 0.12412
v 0.41018 0.21208 0.12457
v 0.40060 0.21696 0.12483
v 0.39005 0.21631 0.12484
v 0.38138 0.21028 0.12458
v 0.37690 0.20051 0.12413
v 0.37782 0.18960 0.12361
v 0.38388 0.18048 0.12315
v 0.39347 0.17559 0.12289
v 0.40399 0.17644 0.11883
v 0.41267 0.18246 0.11908
v 0.41715 0.19224 0.11954
v 0.41623 0.20315 0.12006
v 0.41017 0.21227 0.12051
v 0.40058 0.21716 0.12078
v 0.39004 0.21650 0.12078
v 0.38137 0.21048 0.12052
v 0.37689 0.20070 0.12007
v 0.37780 0.18979 0.11955
v 0.38387 0.18067 0.11910
v 0.39345 0.17578 0.11883
v 0.40314 0.17904 0.11513
v 0.41077 0.18433 0.11536
v 0.41471 0.19293 0.11575
v 0.41390 0.20253 0.11621
v 0.40857 0.21055 0.11661
v 0.40014 0.21484 0.11685
v 0.39087 0.21427 0.11685
v 0.38324 0.20897 0.11662
v 0.37930 0.20037 0.11623
v 0.38011 0.19078 0.11577
v 0.38544 0.18276 0.11537
v 0.39387 0.17846 0.11514
v 0.40857 0.18710 0.12523
v 0.40291 0.18316 0.12507
v 0.41150 0.19348 0.12553
v 0.41090 0.20060 0.12587
v 0.40694 0.20655 0.12617
v 0.40069 0.20974 0.12634
v 0.39380 0.20931 0.12634
v 0.38814 0.20538 0.12617
v 0.38522 0.19900 0.12588
v 0.38582 0.19188 0.12554
v 0.38977 0.18593 0.12524
v 0.39603 0.18274 0.12507
v 0.40078 0.18938 0.12334
v 0.40379 0.19147 0.12343
v 0.40534 0.19487 0.12358
v 0.40503 0.19866 0.12376
v 0.40292 0.20182 0.12392
v 0.39959 0.20352 0.12401
v 0.39593 0.20329 0.12401
v 0.39292 0.20120 0.12392
v 0.39136 0.19780 0.12377
v 0.39168 0.19402 0.12359
v 0.39378 0.19085 0.12343
v 0.39711 0.18915 0.12334
v 0.39835 0.19637 0.12297
v 0.39838 0.20388 0.12580
v 0.39431 0.20432 0.11028
v 0.39436 0.20358 0.12580
v 0.39832 0.20462 0.11028
v 0.40200 0.20213 0.12570
v 0.40194 0.20287 0.11018
v 0.40420 0.19955 0.11002
v 0.40426 0.19881 0.12554
v 0.40450 0.19554 0.10983
v 0.40455 0.19480 0.12535
v 0.40275 0.19192 0.10966
v 0.40280 0.19118 0.12518
v 0.39942 0.18967 0.10956
v 0.39947 0.18893 0.12508
v 0.39541 0.18937 0.10956
v 0.39546 0.18863 0.12508
v 0.39179 0.19112 0.10966
v 0.39184 0.19038 0.12518
v 0.38958 0.19370 0.12534
v 0.38953 0.19444 0.10982
v 0.38929 0.19771 0.12554
v 0.38924 0.19845 0.11002
v 0.39104 0.20133 0.12570
v 0.39099 0.20207 0.11018
v 0.27169 0.16658 0.12740
v 0.27522 0.16753 0.12761
v 0.27171 0.17390 0.12854
v 0.27783 0.17019 0.12789
v 0.27880 0.17386 0.12815
v 0.27789 0.17756 0.12833
v 0.27532 0.18028 0.12838
v 0.27180 0.18130 0.12828
v 0.26827 0.18035 0.12806
v 0.26566 0.17768 0.12778
v 0.26469 0.17401 0.12752
v 0.26560 0.17032 0.12734
v 0.26817 0.16760 0.12730
v 0.27838 0.16201 0.12539
v 0.27173 0.16023 0.12498
v 0.28327 0.16702 0.12591
v 0.28510 0.17392 0.12641
v 0.28338 0.18086 0.12674
v 0.27856 0.18597 0.12683
v 0.27195 0.18789 0.12664
v 0.26530 0.18611 0.12623
v 0.26040 0.18110 0.12571
v 0.25857 0.17420 0.12522
v 0.26030 0.16726 0.12488
v 0.26511 0.16215 0.12479
v 0.28079 0.15801 0.12214
v 0.27183 0.15561 0.12159
v 0.28738 0.16476 0.12284
v 0.28985 0.17406 0.12351
v 0.28753 0.18340 0.12396
v 0.28104 0.19029 0.12408
v 0.27212 0.19288 0.12383
v 0.26317 0.19048 0.12328
v 0.25657 0.18373 0.12257
v 0.25411 0.17443 0.12191
v 0.25643 0.16509 0.12145
v 0.26292 0.15820 0.12134
v 0.27199 0.15328 0.11763
v 0.28217 0.15601 0.11826
v 0.28967 0.16369 0.11906
v 0.29248 0.17426 0.11981
v 0.28984 0.18489 0.12033
v 0.28246 0.19272 0.12046
v 0.27232 0.19567 0.12017
v 0.26213 0.19293 0.11955
v 0.25463 0.18525 0.11875
v 0.25183 0.17469 0.11799
v 0.25447 0.16406 0.11747
v 0.26185 0.15622 0.11734
v 0.27217 0.15352 0.11358
v 0.28236 0.15625 0.11420
v 0.28985 0.16393 0.11500
v 0.29266 0.17450 0.11576
v 0.29002 0.18513 0.11628
v 0.28264 0.19296 0.11641
v 0.27250 0.19591 0.11612
v 0.26232 0.19318 0.11550
v 0.25482 0.18550 0.11470
v 0.25201 0.17493 0.11394
v 0.25465 0.16430 0.11342
v 0.26203 0.15647 0.11329
v 0.27237 0.15630 0.10992
v 0.28132 0.15871 0.11048
v 0.28792 0.16546 0.11118
v 0.29038 0.17475 0.11185
v 0.28806 0.18410 0.11230
v 0.28157 0.19099 0.11241
v 0.27266 0.19358 0.11216
v 0.26370 0.19118 0.11161
v 0.25711 0.18442 0.11091
v 0.25464 0.17513 0.11024
v 0.25696 0.16578 0.10979
v 0.26345 0.15889 0.10967
v 0.27987 0.16191 0.12035
v 0.27322 0.16013 0.11995
v 0.28476 0.16692 0.12088
v 0.28659 0.17382 0.12137
v 0.28487 0.18076 0.12171
v 0.28005 0.18587 0.12179
v 0.27344 0.18780 0.12161
v 0.26679 0.18601 0.12120
v 0.26189 0.18100 0.12068
v 0.26006 0.17410 0.12018
v 0.26179 0.16717 0.11985
v 0.26660 0.16205 0.11976
v 0.27336 0.16672 0.11831
v 0.27690 0.16767 0.11853
v 0.27950 0.17034 0.11880
v 0.28048 0.17401 0.11907
v 0.27956 0.17770 0.11925
v 0.27700 0.18042 0.11929
v 0.27348 0.18144 0.11919
v 0.26994 0.18049 0.11898
v 0.26734 0.17783 0.11870
v 0.26636 0.17416 0.11843
v 0.26728 0.17047 0.11826
v 0.26984 0.16775 0.11821
v 0.27345 0.17412 0.11805
v 0.27592 0.18114 0.12106
v 0.27275 0.18315 0.10545
v 0.27205 0.18222 0.12094
v 0.27663 0.18207 0.10556
v 0.27944 0.17920 0.10552
v 0.27874 0.17828 0.12101
v 0.28045 0.17531 0.10533
v 0.27975 0.17439 0.12083
v 0.27938 0.17145 0.10505
v 0.27868 0.17052 0.12055
v 0.27652 0.16864 0.10475
v 0.27582 0.16771 0.12025
v 0.27263 0.16764 0.10452
v 0.27193 0.16671 0.12001
v 0.26876 0.16872 0.10441
v 0.26805 0.16779 0.11990
v 0.26524 0.17066 0.11994
v 0.26594 0.17159 0.10445
v 0.26423 0.17455 0.12013
v 0.26493 0.17548 0.10464
v 0.26530 0.17842 0.12041
v 0.26600 0.17934 0.10491
v 0.26816 0.18123 0.12071
v 0.26887 0.18215 0.10521
v 0.14302 0.13545 0.12391
v 0.14660 0.13473 0.12418
v 0.14628 0.14199 0.12514
v 0.15012 0.13595 0.12453
v 0.15262 0.13881 0.12485
v 0.15343 0.14252 0.12506
v 0.15235 0.14609 0.12511
v 0.14965 0.14858 0.12498
v 0.14607 0.14930 0.12470
v 0.14255 0.14807 0.12436
v 0.14005 0.14522 0.12403
v 0.13924 0.14151 0.12382
v 0.14032 0.13793 0.12377
v 0.14701 0.12839 0.12193
v 0.14027 0.12976 0.12141
v 0.15361 0.13070 0.12258
v 0.15831 0.13606 0.12319
v 0.15985 0.14304 0.12359
v 0.15781 0.14976 0.12367
v 0.15274 0.15443 0.12342
v 0.14600 0.15579 0.12291
v 0.13940 0.15348 0.12226
v 0.13470 0.14812 0.12165
v 0.13316 0.14115 0.12125
v 0.13520 0.13442 0.12116
v 0.14745 0.12376 0.11866
v 0.13837 0.12559 0.11797
v 0.15634 0.12687 0.11954
v 0.16268 0.13409 0.12035
v 0.16474 0.14349 0.12089
v 0.16200 0.15254 0.12101
v 0.15517 0.15883 0.12068
v 0.14609 0.16067 0.11998
v 0.13719 0.15756 0.11910
v 0.13086 0.15034 0.11829
v 0.12879 0.14094 0.11775
v 0.13154 0.13188 0.11763
v 0.13754 0.12346 0.11398
v 0.14786 0.12137 0.11477
v 0.15798 0.12491 0.11577
v 0.16518 0.13312 0.11670
v 0.16753 0.14381 0.11731
v 0.16441 0.15411 0.11744
v 0.15664 0.16126 0.11706
v 0.14632 0.16335 0.11627
v 0.13620 0.15981 0.11527
v 0.12900 0.15160 0.11434
v 0.12665 0.14091 0.11373
v 0.12977 0.13061 0.11360
v 0.13788 0.12362 0.10993
v 0.14821 0.12153 0.11073
v 0.15832 0.12507 0.11172
v 0.16552 0.13328 0.11265
v 0.16788 0.14397 0.11326
v 0.16475 0.15426 0.11340
v 0.15699 0.16142 0.11302
v 0.14666 0.16350 0.11222
v 0.13655 0.15997 0.11123
v 0.12935 0.15175 0.11030
v 0.12699 0.14107 0.10969
v 0.13012 0.13077 0.10955
v 0.13936 0.12604 0.10632
v 0.14843 0.12421 0.10702
v 0.15733 0.12732 0.10789
v 0.16366 0.13454 0.10871
v 0.16573 0.14394 0.10925
v 0.16298 0.15299 0.10936
v 0.15616 0.15928 0.10903
v 0.14708 0.16112 0.10833
v 0.13818 0.15801 0.10746
v 0.13185 0.15079 0.10664
v 0.12978 0.14139 0.10610
v 0.13253 0.13233 0.10598
v 0.14839 0.12767 0.11692
v 0.14165 0.12903 0.11640
v 0.15499 0.12998 0.11757
v 0.15969 0.13534 0.11817
v 0.16123 0.14231 0.11857
v 0.15919 0.14904 0.11866
v 0.15412 0.15370 0.11841
v 0.14738 0.15507 0.11789
v 0.14078 0.15276 0.11724
v 0.13608 0.14740 0.11664
v 0.13454 0.14042 0.11624
v 0.13658 0.13370 0.11615
v 0.14474 0.13488 0.11485
v 0.14832 0.13416 0.11512
v 0.15184 0.13539 0.11547
v 0.15434 0.13824 0.11579
v 0.15516 0.14195 0.11600
v 0.15407 0.14553 0.11605
v 0.15137 0.14801 0.11592
v 0.14779 0.14874 0.11564
v 0.14428 0.14751 0.11529
v 0.14177 0.14466 0.11497
v 0.14096 0.14094 0.11476
v 0.14204 0.13737 0.11471
v 0.14812 0.14147 0.11468
v 0.15340 0.14665 0.11781
v 0.15172 0.14993 0.10219
v 0.15041 0.14934 0.11766
v 0.15471 0.14724 0.10234
v 0.15596 0.14342 0.10229
v 0.15464 0.14282 0.11776
v 0.15513 0.13949 0.10207
v 0.15382 0.13889 0.11754
v 0.15246 0.13651 0.10173
v 0.15115 0.13591 0.11720
v 0.14865 0.13527 0.10136
v 0.14734 0.13467 0.11683
v 0.14473 0.13610 0.10106
v 0.14342 0.13551 0.11653
v 0.14175 0.13879 0.10091
v 0.14043 0.13820 0.11638
v 0.13919 0.14202 0.11642
v 0.14050 0.14262 0.10095
v 0.14001 0.14595 0.11664
v 0.14132 0.14655 0.10117
v 0.14268 0.14893 0.11699
v 0.14399 0.14953 0.10152
v 0.14649 0.15017 0.11736
v 0.14780 0.15077 0.10189
v 0.01447 0.11178 0.12244
v 0.01735 0.10950 0.12253
v 0.02038 0.11609 0.12359
v 0.02105 0.10900 0.12272
v 0.02458 0.11040 0.12295
v 0.02700 0.11334 0.12317
v 0.02765 0.11702 0.12331
v 0.02637 0.12045 0.12334
v 0.02349 0.12273 0.12325
v 0.01979 0.12323 0.12306
v 0.01626 0.12182 0.12283
v 0.01384 0.11889 0.12261
v 0.01319 0.11521 0.12247
v 0.01476 0.10375 0.12019
v 0.00935 0.10802 0.12002
v 0.02171 0.10280 0.12054
v 0.02835 0.10544 0.12097
v 0.03289 0.11096 0.12138
v 0.03412 0.11787 0.12165
v 0.03170 0.12433 0.12170
v 0.02630 0.12860 0.12153
v 0.01934 0.12954 0.12119
v 0.01271 0.12690 0.12075
v 0.00817 0.12139 0.12035
v 0.00694 0.11448 0.12008
v 0.01293 0.09952 0.11685
v 0.00564 0.10528 0.11662
v 0.02229 0.09825 0.11732
v 0.03123 0.10180 0.11791
v 0.03735 0.10923 0.11845
v 0.03901 0.11855 0.11881
v 0.03575 0.12725 0.11889
v 0.02847 0.13300 0.11866
v 0.01910 0.13428 0.11819
v 0.01016 0.13072 0.11761
v 0.00404 0.12329 0.11706
v 0.00239 0.11398 0.11670
v 0.00378 0.10388 0.11266
v 0.01207 0.09733 0.11292
v 0.02272 0.09589 0.11345
v 0.03289 0.09993 0.11412
v 0.03984 0.10838 0.11474
v 0.04172 0.11897 0.11515
v 0.03802 0.12886 0.11523
v 0.02974 0.13541 0.11498
v 0.01909 0.13686 0.11444
v 0.00892 0.13281 0.11377
v 0.00197 0.12437 0.11315
v 0.00008 0.11378 0.11275
v 0.00400 0.10400 0.10860
v 0.01229 0.09745 0.10886
v 0.02294 0.09601 0.10940
v 0.03310 0.10005 0.11006
v 0.04006 0.10850 0.11068
v 0.04194 0.11909 0.11109
v 0.03824 0.12898 0.11118
v 0.02996 0.13553 0.11092
v 0.01931 0.13697 0.11039
v 0.00914 0.13293 0.10972
v 0.00219 0.12448 0.10910
v 0.00030 0.11389 0.10869
v 0.00627 0.10562 0.10495
v 0.01356 0.09986 0.10518
v 0.02293 0.09859 0.10565
v 0.03187 0.10214 0.10623
v 0.03798 0.10957 0.10678
v 0.03964 0.11889 0.10714
v 0.03639 0.12759 0.10721
v 0.02910 0.13334 0.10699
v 0.01973 0.13461 0.10652
v 0.01079 0.13106 0.10593
v 0.00468 0.12363 0.10538
v 0.00302 0.11432 0.10502
v 0.01547 0.10264 0.11510
v 0.01006 0.10692 0.11494
v 0.02242 0.10170 0.11545
v 0.02906 0.10434 0.11589
v 0.03360 0.10985 0.11629
v 0.03482 0.11676 0.11656
v 0.03241 0.12322 0.11662
v 0.02700 0.12750 0.11645
v 0.02005 0.12844 0.11610
v 0.01341 0.12580 0.11566
v 0.00888 0.12029 0.11526
v 0.00765 0.11337 0.11499
v 0.01540 0.11079 0.11330
v 0.01828 0.10852 0.11339
v 0.02198 0.10801 0.11358
v 0.02551 0.10942 0.11381
v 0.02792 0.11235 0.11402
v 0.02858 0.11603 0.11417
v 0.02729 0.11947 0.11420
v 0.02441 0.12174 0.11411
v 0.02071 0.12224 0.11392
v 0.01718 0.12084 0.11369
v 0.01477 0.11790 0.11347
v 0.01412 0.11423 0.11333
v 0.02138 0.11515 0.11305
v 0.02939 0.11772 0.10046
v 0.02794 0.12148 0.10049
v 0.02710 0.12103 0.11600
v 0.02855 0.11728 0.11597
v 0.02877 0.11375 0.10031
v 0.02793 0.11330 0.11582
v 0.02625 0.11063 0.10008
v 0.02541 0.11018 0.11559
v 0.02250 0.10918 0.09984
v 0.02167 0.10873 0.11535
v 0.01854 0.10981 0.09964
v 0.01770 0.10936 0.11515
v 0.01541 0.11233 0.09955
v 0.01457 0.11189 0.11506
v 0.01312 0.11564 0.11509
v 0.01396 0.11609 0.09958
v 0.01374 0.11961 0.11524
v 0.01458 0.12006 0.09973
v 0.01626 0.12273 0.11546
v 0.01710 0.12318 0.09995
v 0.02000 0.12418 0.11571
v 0.02084 0.12463 0.10020
v 0.02397 0.12355 0.11590
v 0.02481 0.12400 0.10039
v -0.10055 0.08601 0.12033
v -0.09888 0.08274 0.12028
v -0.09336 0.08744 0.12140
v -0.09572 0.08074 0.12034
v -0.09192 0.08054 0.12050
v -0.08850 0.08220 0.12070
v -0.08637 0.08527 0.12091
v -0.08611 0.08892 0.12105
v -0.08778 0.09219 0.12110
v -0.09093 0.09419 0.12104
v -0.09473 0.09439 0.12089
v -0.09815 0.09273 0.12068
v -0.10028 0.08967 0.12048
v -0.10367 0.07867 0.11789
v -0.10681 0.08480 0.11798
v -0.09773 0.07491 0.11801
v -0.09060 0.07453 0.11830
v -0.08417 0.07764 0.11869
v -0.08017 0.08341 0.11907
v -0.07967 0.09028 0.11934
v -0.08281 0.09642 0.11944
v -0.08874 0.10017 0.11932
v -0.09588 0.10055 0.11903
v -0.10231 0.09744 0.11864
v -0.10631 0.09167 0.11826
v -0.10716 0.07570 0.11452
v -0.11139 0.08397 0.11464
v -0.09916 0.07063 0.11467
v -0.08955 0.07013 0.11507
v -0.08088 0.07432 0.11559
v -0.07549 0.08209 0.11610
v -0.07483 0.09134 0.11647
v -0.07905 0.09961 0.11660
v -0.08705 0.10468 0.11644
v -0.09667 0.10518 0.11605
v -0.10533 0.10099 0.11552
v -0.11072 0.09322 0.11501
v -0.10892 0.07420 0.11056
v -0.11373 0.08360 0.11070
v -0.09983 0.06844 0.11074
v -0.08889 0.06786 0.11119
v -0.07904 0.07263 0.11178
v -0.07292 0.08146 0.11237
v -0.07215 0.09199 0.11279
v -0.07696 0.10139 0.11293
v -0.08606 0.10715 0.11275
v -0.09699 0.10772 0.11230
v -0.10684 0.10296 0.11171
v -0.11297 0.09413 0.11112
v -0.10875 0.07435 0.10651
v -0.11356 0.08375 0.10665
v -0.09966 0.06859 0.10668
v -0.08872 0.06801 0.10713
v -0.07887 0.07278 0.10773
v -0.07274 0.08161 0.10831
v -0.07198 0.09214 0.10873
v -0.07679 0.10154 0.10887
v -0.08588 0.10730 0.10869
v -0.09682 0.10787 0.10825
v -0.10667 0.10311 0.10765
v -0.11280 0.09428 0.10707
v -0.10666 0.07613 0.10284
v -0.11089 0.08440 0.10296
v -0.09866 0.07106 0.10299
v -0.08905 0.07056 0.10339
v -0.08038 0.07475 0.10391
v -0.07500 0.08251 0.10443
v -0.07433 0.09177 0.10479
v -0.07856 0.10004 0.10492
v -0.08655 0.10511 0.10476
v -0.09617 0.10561 0.10437
v -0.10483 0.10142 0.10385
v -0.11022 0.09365 0.10333
v -0.10672 0.08367 0.11286
v -0.10358 0.07754 0.11276
v -0.09765 0.07378 0.11288
v -0.09051 0.07340 0.11317
v -0.08408 0.07651 0.11356
v -0.08008 0.08228 0.11394
v -0.07958 0.08915 0.11422
v -0.08272 0.09529 0.11431
v -0.08865 0.09905 0.11419
v -0.09579 0.09942 0.11390
v -0.10222 0.09631 0.11351
v -0.10622 0.09054 0.11313
v -0.10028 0.08503 0.11115
v -0.09861 0.08176 0.11110
v -0.09546 0.07976 0.11116
v -0.09166 0.07956 0.11131
v -0.08824 0.08122 0.11152
v -0.08611 0.08429 0.11172
v -0.08584 0.08794 0.11187
v -0.08751 0.09121 0.11192
v -0.09067 0.09321 0.11186
v -0.09447 0.09341 0.11170
v -0.09789 0.09175 0.11149
v -0.10002 0.08869 0.11129
v -0.09303 0.08651 0.11080
v -0.08492 0.08594 0.09804
v -0.08467 0.08995 0.09820
v -0.08534 0.08938 0.11371
v -0.08558 0.08537 0.11355
v -0.08714 0.08259 0.09782
v -0.08780 0.08202 0.11334
v -0.09073 0.08081 0.09760
v -0.09140 0.08024 0.11312
v -0.09474 0.08106 0.09744
v -0.09541 0.08049 0.11295
v -0.09809 0.08328 0.09738
v -0.09876 0.08271 0.11289
v -0.10055 0.08631 0.11295
v -0.09989 0.08688 0.09744
v -0.10030 0.09032 0.11311
v -0.09964 0.09089 0.09759
v -0.09808 0.09367 0.11332
v -0.09742 0.09424 0.09781
v -0.09449 0.09546 0.11354
v -0.09383 0.09603 0.09803
v -0.09048 0.09520 0.11371
v -0.08982 0.09577 0.09819
v -0.08713 0.09298 0.11377
v -0.08647 0.09355 0.09825
v -0.21820 0.06266 0.11584
v -0.21761 0.05904 0.11581
v -0.21090 0.06183 0.11682
v -0.21521 0.05617 0.11587
v -0.21166 0.05482 0.11599
v -0.20789 0.05535 0.11614
v -0.20492 0.05762 0.11629
v -0.20355 0.06102 0.11639
v -0.20414 0.06464 0.11642
v -0.20654 0.06751 0.11636
v -0.21009 0.06886 0.11624
v -0.21386 0.06833 0.11609
v -0.21683 0.06606 0.11594
v -0.22345 0.05661 0.11352
v -0.22456 0.06341 0.11357
v -0.21895 0.05121 0.11362
v -0.21226 0.04867 0.11385
v -0.20519 0.04967 0.11414
v -0.19961 0.05394 0.11442
v -0.19703 0.06033 0.11460
v -0.19814 0.06713 0.11465
v -0.20264 0.07253 0.11455
v -0.20933 0.07506 0.11432
v -0.21640 0.07407 0.11403
v -0.22198 0.06980 0.11375
v -0.22772 0.05482 0.11021
v -0.22922 0.06399 0.11028
v -0.22166 0.04755 0.11035
v -0.21265 0.04413 0.11066
v -0.20312 0.04548 0.11105
v -0.19560 0.05122 0.11142
v -0.19213 0.05983 0.11167
v -0.19363 0.06900 0.11174
v -0.19969 0.07627 0.11160
v -0.20869 0.07969 0.11129
v -0.21823 0.07835 0.11090
v -0.22574 0.07260 0.11053
v -0.22991 0.05390 0.10630
v -0.23161 0.06432 0.10637
v -0.22302 0.04563 0.10645
v -0.21278 0.04175 0.10680
v -0.20193 0.04327 0.10725
v -0.19339 0.04981 0.10767
v -0.18944 0.05960 0.10795
v -0.19114 0.07003 0.10803
v -0.19803 0.07829 0.10787
v -0.20827 0.08218 0.10752
v -0.21912 0.08065 0.10708
v -0.22766 0.07412 0.10665
v -0.22975 0.05395 0.10224
v -0.23145 0.06438 0.10231
v -0.22286 0.04569 0.10240
v -0.21262 0.04180 0.10274
v -0.20177 0.04333 0.10319
v -0.19323 0.04986 0.10361
v -0.18928 0.05965 0.10390
v -0.19098 0.07008 0.10397
v -0.19787 0.07834 0.10381
v -0.20812 0.08223 0.10346
v -0.21896 0.08070 0.10302
v -0.22750 0.07417 0.10260
v -0.22727 0.05498 0.09853
v -0.22876 0.06414 0.09859
v -0.22120 0.04771 0.09867
v -0.21220 0.04429 0.09897
v -0.20266 0.04563 0.09936
v -0.19515 0.05138 0.09973
v -0.19167 0.05999 0.09999
v -0.19317 0.06916 0.10005
v -0.19923 0.07643 0.09991
v -0.20824 0.07985 0.09960
v -0.21777 0.07850 0.09921
v -0.22529 0.07275 0.09884
v -0.22489 0.06226 0.10845
v -0.22378 0.05546 0.10841
v -0.21928 0.05007 0.10851
v -0.21259 0.04753 0.10874
v -0.20551 0.04853 0.10903
v -0.19994 0.05279 0.10930
v -0.19736 0.05918 0.10949
v -0.19847 0.06599 0.10954
v -0.20297 0.07138 0.10943
v -0.20965 0.07392 0.10920
v -0.21673 0.07292 0.10891
v -0.22231 0.06866 0.10864
v -0.21837 0.06157 0.10667
v -0.21778 0.05795 0.10664
v -0.21538 0.05508 0.10670
v -0.21182 0.05373 0.10682
v -0.20806 0.05426 0.10697
v -0.20509 0.05653 0.10712
v -0.20372 0.05993 0.10722
v -0.20431 0.06355 0.10724
v -0.20670 0.06642 0.10719
v -0.21026 0.06777 0.10707
v -0.21403 0.06724 0.10691
v -0.21699 0.06497 0.10676
v -0.21102 0.06076 0.10624
v -0.20363 0.05762 0.09340
v -0.20216 0.06137 0.09351
v -0.20277 0.06116 0.10904
v -0.20424 0.05742 0.10893
v -0.20677 0.05511 0.09325
v -0.20737 0.05491 0.10877
v -0.21074 0.05451 0.09308
v -0.21135 0.05430 0.10861
v -0.21448 0.05598 0.09296
v -0.21509 0.05577 0.10848
v -0.21760 0.05891 0.10843
v -0.21699 0.05912 0.09290
v -0.21820 0.06289 0.10846
v -0.21760 0.06310 0.09293
v -0.21674 0.06663 0.10856
v -0.21613 0.06684 0.09304
v -0.21360 0.06914 0.10872
v -0.21299 0.06935 0.09319
v -0.20963 0.06974 0.10888
v -0.20902 0.06995 0.09336
v -0.20589 0.06828 0.10901
v -0.20528 0.06849 0.09348
v -0.20277 0.06534 0.09354
v -0.20338 0.06514 0.10906
v -0.33860 0.04081 0.11603
v -0.33968 0.03730 0.11606
v -0.33241 0.03683 0.11685
v -0.33881 0.03367 0.11611
v -0.33622 0.03088 0.11617
v -0.33261 0.02968 0.11623
v -0.32894 0.03040 0.11627
v -0.32620 0.03284 0.11627
v -0.32512 0.03634 0.11624
v -0.32599 0.03998 0.11619
v -0.32858 0.04277 0.11612
v -0.33220 0.04396 0.11607
v -0.33586 0.04324 0.11603
v -0.34606 0.03770 0.11394
v -0.34404 0.04429 0.11389
v -0.34442 0.03087 0.11404
v -0.33955 0.02562 0.11416
v -0.33276 0.02338 0.11427
v -0.32587 0.02473 0.11434
v -0.32072 0.02931 0.11434
v -0.31869 0.03590 0.11429
v -0.32033 0.04273 0.11419
v -0.32520 0.04797 0.11407
v -0.33199 0.05022 0.11396
v -0.33889 0.04887 0.11390
v -0.35078 0.03797 0.11077
v -0.34805 0.04685 0.11070
v -0.34857 0.02877 0.11091
v -0.34201 0.02171 0.11107
v -0.33286 0.01868 0.11121
v -0.32357 0.02050 0.11130
v -0.31663 0.02667 0.11131
v -0.31390 0.03555 0.11124
v -0.31611 0.04475 0.11110
v -0.32267 0.05181 0.11094
v -0.33182 0.05484 0.11080
v -0.34111 0.05302 0.11071
v -0.35326 0.03809 0.10692
v -0.35016 0.04819 0.10684
v -0.35075 0.02763 0.10708
v -0.34329 0.01960 0.10726
v -0.33289 0.01615 0.10743
v -0.32232 0.01822 0.10753
v -0.31443 0.02524 0.10754
v -0.31133 0.03534 0.10745
v -0.31384 0.04580 0.10730
v -0.32130 0.05383 0.10712
v -0.33170 0.05728 0.10695
v -0.34227 0.05521 0.10685
v -0.35321 0.03805 0.10286
v -0.35011 0.04814 0.10278
v -0.35070 0.02758 0.10302
v -0.34324 0.01955 0.10320
v -0.33284 0.01611 0.10336
v -0.32228 0.01817 0.10346
v -0.31438 0.02519 0.10347
v -0.31128 0.03529 0.10339
v -0.31379 0.04575 0.10324
v -0.32125 0.05378 0.10305
v -0.33165 0.05723 0.10289
v -0.34222 0.05516 0.10279
v -0.35064 0.03783 0.09908
v -0.34791 0.04671 0.09900
v -0.34843 0.02863 0.09921
v -0.34187 0.02157 0.09937
v -0.33272 0.01854 0.09952
v -0.32343 0.02036 0.09961
v -0.31649 0.02653 0.09962
v -0.31376 0.03541 0.09954
v -0.31597 0.04461 0.09941
v -0.32253 0.05167 0.09925
v -0.33168 0.05470 0.09910
v -0.34097 0.05289 0.09901
v -0.34499 0.04337 0.10881
v -0.34701 0.03678 0.10886
v -0.34537 0.02995 0.10896
v -0.34050 0.02471 0.10908
v -0.33371 0.02246 0.10919
v -0.32682 0.02381 0.10925
v -0.32167 0.02839 0.10926
v -0.31964 0.03498 0.10921
v -0.32128 0.04181 0.10911
v -0.32615 0.04705 0.10899
v -0.33294 0.04930 0.10888
v -0.33983 0.04795 0.10881
v -0.33951 0.03984 0.10688
v -0.34058 0.03634 0.10691
v -0.33971 0.03270 0.10696
v -0.33712 0.02991 0.10703
v -0.33351 0.02872 0.10708
v -0.32984 0.02943 0.10712
v -0.32710 0.03187 0.10712
v -0.32602 0.03538 0.10709
v -0.32689 0.03901 0.10704
v -0.32948 0.04180 0.10698
v -0.33310 0.04300 0.10692
v -0.33677 0.04228 0.10688
v -0.33329 0.03585 0.10630
v -0.32844 0.02968 0.09336
v -0.32547 0.03238 0.09336
v -0.32565 0.03257 0.10890
v -0.32863 0.02986 0.10889
v -0.33237 0.02882 0.09332
v -0.33256 0.02900 0.10886
v -0.33620 0.03004 0.09326
v -0.33639 0.03023 0.10880
v -0.33909 0.03320 0.10873
v -0.33891 0.03302 0.09319
v -0.33995 0.03713 0.10867
v -0.33976 0.03695 0.09314
v -0.33872 0.04096 0.10864
v -0.33854 0.04078 0.09311
v -0.33575 0.04367 0.10864
v -0.33556 0.04348 0.09311
v -0.33182 0.04452 0.10868
v -0.33163 0.04434 0.09315
v -0.32799 0.04330 0.10874
v -0.32780 0.04312 0.09321
v -0.32510 0.04014 0.09327
v -0.32528 0.04033 0.10881
v -0.32424 0.03621 0.09333
v -0.32443 0.03640 0.10887
v -0.31600 -0.12875 0.12150
v -0.31618 -0.13241 0.12165
v -0.30902 -0.13104 0.12242
v -0.31443 -0.13571 0.12182
v -0.31123 -0.13777 0.12196
v -0.30743 -0.13803 0.12203
v -0.30406 -0.13642 0.12202
v -0.30201 -0.13338 0.12193
v -0.30183 -0.12972 0.12178
v -0.30358 -0.12642 0.12161
v -0.30678 -0.12436 0.12147
v -0.31058 -0.12410 0.12140
v -0.31396 -0.12571 0.12141
v -0.32245 -0.13368 0.11957
v -0.32213 -0.12680 0.11929
v -0.31917 -0.13988 0.11988
v -0.31315 -0.14375 0.12014
v -0.30602 -0.14423 0.12028
v -0.29967 -0.14122 0.12026
v -0.29582 -0.13550 0.12009
v -0.29549 -0.12862 0.11980
v -0.29878 -0.12242 0.11949
v -0.30479 -0.11855 0.11923
v -0.31193 -0.11807 0.11909
v -0.31827 -0.12109 0.11911
v -0.32708 -0.13469 0.11642
v -0.32664 -0.12542 0.11604
v -0.32266 -0.14305 0.11684
v -0.31455 -0.14825 0.11719
v -0.30494 -0.14891 0.11738
v -0.29639 -0.14484 0.11735
v -0.29120 -0.13714 0.11712
v -0.29076 -0.12787 0.11674
v -0.29518 -0.11951 0.11631
v -0.30329 -0.11431 0.11596
v -0.31290 -0.11365 0.11578
v -0.32145 -0.11772 0.11580
v -0.32951 -0.13532 0.11259
v -0.32901 -0.12477 0.11215
v -0.32448 -0.14482 0.11307
v -0.31526 -0.15074 0.11347
v -0.30433 -0.15148 0.11368
v -0.29461 -0.14686 0.11365
v -0.28871 -0.13810 0.11338
v -0.28821 -0.12756 0.11294
v -0.29324 -0.11806 0.11246
v -0.30245 -0.11214 0.11206
v -0.31339 -0.11140 0.11185
v -0.32311 -0.11602 0.11188
v -0.32944 -0.13549 0.10853
v -0.32894 -0.12494 0.10809
v -0.32441 -0.14499 0.10901
v -0.31520 -0.15091 0.10941
v -0.30426 -0.15165 0.10962
v -0.29454 -0.14703 0.10959
v -0.28864 -0.13827 0.10932
v -0.28814 -0.12773 0.10889
v -0.29317 -0.11823 0.10841
v -0.30239 -0.11231 0.10801
v -0.31332 -0.11156 0.10779
v -0.32304 -0.11619 0.10783
v -0.32689 -0.13518 0.10474
v -0.32645 -0.12591 0.10435
v -0.32247 -0.14353 0.10516
v -0.31436 -0.14874 0.10551
v -0.30475 -0.14940 0.10570
v -0.29620 -0.14533 0.10567
v -0.29101 -0.13763 0.10543
v -0.29057 -0.12836 0.10505
v -0.29499 -0.12000 0.10463
v -0.30310 -0.11480 0.10428
v -0.31271 -0.11414 0.10409
v -0.32126 -0.11821 0.10412
v -0.32281 -0.12809 0.11424
v -0.32314 -0.13497 0.11452
v -0.31985 -0.14117 0.11484
v -0.31384 -0.14504 0.11510
v -0.30670 -0.14552 0.11524
v -0.30036 -0.14251 0.11522
v -0.29650 -0.13679 0.11504
v -0.29617 -0.12991 0.11476
v -0.29946 -0.12371 0.11445
v -0.30548 -0.11984 0.11418
v -0.31261 -0.11936 0.11405
v -0.31896 -0.12238 0.11407
v -0.31662 -0.13021 0.11240
v -0.31679 -0.13387 0.11255
v -0.31505 -0.13717 0.11272
v -0.31185 -0.13923 0.11286
v -0.30805 -0.13949 0.11293
v -0.30467 -0.13788 0.11292
v -0.30262 -0.13484 0.11283
v -0.30245 -0.13118 0.11268
v -0.30420 -0.12788 0.11251
v -0.30740 -0.12582 0.11237
v -0.31119 -0.12556 0.11230
v -0.31457 -0.12717 0.11231
v -0.30961 -0.13255 0.11191
v -0.30335 -0.13776 0.09915
v -0.30114 -0.13440 0.09904
v -0.30140 -0.13375 0.11457
v -0.30361 -0.13711 0.11467
v -0.30694 -0.13956 0.09916
v -0.30720 -0.13891 0.11469
v -0.31096 -0.13933 0.09909
v -0.31122 -0.13868 0.11461
v -0.31432 -0.13712 0.09894
v -0.31457 -0.13648 0.11446
v -0.31638 -0.13289 0.11428
v -0.31612 -0.13353 0.09876
v -0.31614 -0.12887 0.11412
v -0.31589 -0.12952 0.09860
v -0.31393 -0.12552 0.11401
v -0.31368 -0.12617 0.09849
v -0.31034 -0.12371 0.11400
v -0.31008 -0.12436 0.09848
v -0.30632 -0.12394 0.11407
v -0.30607 -0.12459 0.09855
v -0.30297 -0.12615 0.11422
v -0.30271 -0.12680 0.09870
v -0.30091 -0.13039 0.09888
v -0.30116 -0.12974 0.11440
v -0.19357 -0.13000 0.12002
v -0.19216 -0.13338 0.12006
v -0.18625 -0.12910 0.12074
v -0.18917 -0.13562 0.12009
v -0.18539 -0.13612 0.12011
v -0.18185 -0.13473 0.12010
v -0.17948 -0.13184 0.12008
v -0.17893 -0.12821 0.12004
v -0.18034 -0.12482 0.12000
v -0.18333 -0.12258 0.11997
v -0.18711 -0.12209 0.11995
v -0.19065 -0.12348 0.11996
v -0.19302 -0.12637 0.11998
v -0.19736 -0.13717 0.11806
v -0.20000 -0.13080 0.11798
v -0.19173 -0.14138 0.11812
v -0.18464 -0.14231 0.11815
v -0.17797 -0.13970 0.11813
v -0.17353 -0.13426 0.11809
v -0.17249 -0.12745 0.11801
v -0.17514 -0.12108 0.11794
v -0.18076 -0.11687 0.11788
v -0.18785 -0.11594 0.11785
v -0.19452 -0.11855 0.11786
v -0.19896 -0.12399 0.11791
v -0.20121 -0.14000 0.11497
v -0.20477 -0.13142 0.11487
v -0.19363 -0.14567 0.11505
v -0.18407 -0.14692 0.11509
v -0.17509 -0.14341 0.11507
v -0.16910 -0.13608 0.11500
v -0.16770 -0.12690 0.11491
v -0.17127 -0.11832 0.11480
v -0.17885 -0.11265 0.11472
v -0.18840 -0.11140 0.11469
v -0.19738 -0.11491 0.11471
v -0.20337 -0.12224 0.11477
v -0.20325 -0.14152 0.11116
v -0.20731 -0.13177 0.11105
v -0.19463 -0.14798 0.11125
v -0.18377 -0.14939 0.11130
v -0.17356 -0.14540 0.11128
v -0.16674 -0.13707 0.11120
v -0.16515 -0.12663 0.11109
v -0.16921 -0.11688 0.11098
v -0.17782 -0.11043 0.11088
v -0.18869 -0.10901 0.11084
v -0.19890 -0.11300 0.11086
v -0.20571 -0.12133 0.11094
v -0.20324 -0.14157 0.10710
v -0.20730 -0.13182 0.10699
v -0.19462 -0.14802 0.10719
v -0.18376 -0.14944 0.10723
v -0.17355 -0.14545 0.10721
v -0.16673 -0.13712 0.10714
v -0.16514 -0.12667 0.10703
v -0.16920 -0.11692 0.10691
v -0.17781 -0.11047 0.10682
v -0.18868 -0.10905 0.10678
v -0.19889 -0.11304 0.10680
v -0.20570 -0.12138 0.10688
v -0.20118 -0.14012 0.10327
v -0.20474 -0.13155 0.10317
v -0.19360 -0.14580 0.10335
v -0.18404 -0.14704 0.10339
v -0.17507 -0.14354 0.10337
v -0.16908 -0.13621 0.10331
v -0.16768 -0.12703 0.10321
v -0.17124 -0.11845 0.10311
v -0.17882 -0.11278 0.10303
v -0.18838 -0.11153 0.10299
v -0.19735 -0.11504 0.10301
v -0.20334 -0.12237 0.10307
v -0.20022 -0.13216 0.11292
v -0.19758 -0.13853 0.11299
v -0.19195 -0.14274 0.11305
v -0.18486 -0.14366 0.11308
v -0.17819 -0.14106 0.11307
v -0.17375 -0.13562 0.11302
v -0.17271 -0.12880 0.11294
v -0.17536 -0.12244 0.11287
v -0.18098 -0.11823 0.11281
v -0.18807 -0.11730 0.11278
v -0.19474 -0.11991 0.11279
v -0.19918 -0.12535 0.11284
v -0.19378 -0.13140 0.11089
v -0.19237 -0.13479 0.11093
v -0.18938 -0.13703 0.11096
v -0.18560 -0.13752 0.11098
v -0.18206 -0.13613 0.11097
v -0.17969 -0.13324 0.11094
v -0.17914 -0.12961 0.11091
v -0.18055 -0.12623 0.11087
v -0.18354 -0.12399 0.11083
v -0.18732 -0.12349 0.11082
v -0.19086 -0.12488 0.11083
v -0.19323 -0.12777 0.11085
v -0.18646 -0.13051 0.11019
v -0.17897 -0.13229 0.09716
v -0.17841 -0.12831 0.09712
v -0.17844 -0.12814 0.11266
v -0.17901 -0.13212 0.11270
v -0.18145 -0.13546 0.09719
v -0.18148 -0.13529 0.11273
v -0.18518 -0.13696 0.09720
v -0.18521 -0.13679 0.11273
v -0.18916 -0.13640 0.09718
v -0.18920 -0.13623 0.11272
v -0.19233 -0.13392 0.09715
v -0.19236 -0.13375 0.11268
v -0.19387 -0.13002 0.11264
v -0.19383 -0.13019 0.09710
v -0.19330 -0.12604 0.11260
v -0.19327 -0.12621 0.09706
v -0.19083 -0.12287 0.11257
v -0.19079 -0.12304 0.09703
v -0.18710 -0.12137 0.11256
v -0.18706 -0.12154 0.09703
v -0.18311 -0.12193 0.11258
v -0.18308 -0.12210 0.09704
v -0.17995 -0.12441 0.11261
v -0.17991 -0.12458 0.09708
v 0.03514 0.35047 0.01141
v 0.03548 0.34765 0.01691
v -0.70243 0.17315 -0.02558
v -0.70278 0.17597 -0.03108
v 0.03412 0.35557 0.00805
v -0.70379 0.18107 -0.03444
v 0.03272 0.36159 0.00773
v -0.70520 0.18709 -0.03476
v 0.03129 0.36692 0.01055
v -0.70662 0.19242 -0.03194
v -0.70768 0.19563 -0.02675
v 0.03024 0.37013 0.01574
v -0.70809 0.19586 -0.02058
v 0.02983 0.37036 0.02191
v -0.70774 0.19304 -0.01507
v 0.03017 0.36754 0.02742
v -0.70673 0.18794 -0.01171
v 0.03119 0.36244 0.03078
v -0.70532 0.18192 -0.01139
v 0.03259 0.35642 0.03110
v -0.70390 0.17659 -0.01421
v 0.03402 0.35109 0.02828
v 0.03507 0.34788 0.02309
v -0.70284 0.17338 -0.01940
v 0.11106 0.37315 0.04391
v 0.11350 0.36403 0.03910
v 0.11467 0.37840 0.02414
v 0.11531 0.35854 0.03022
v 0.11601 0.35816 0.01966
v 0.11541 0.36297 0.01024
v 0.11368 0.37170 0.00450
v 0.11127 0.38200 0.00396
v 0.10884 0.39111 0.00877
v 0.10703 0.39660 0.01765
v 0.10633 0.39699 0.02821
v 0.10693 0.39217 0.03763
v 0.10866 0.38345 0.04337
v 0.10088 0.36687 0.06090
v 0.10545 0.34974 0.05185
v 0.10885 0.33942 0.03517
v 0.11017 0.33869 0.01532
v 0.10905 0.34774 -0.00238
v 0.10579 0.36414 -0.01318
v 0.10127 0.38350 -0.01419
v 0.09670 0.40063 -0.00514
v 0.09330 0.41094 0.01154
v 0.09198 0.41167 0.03139
v 0.09310 0.40263 0.04909
v 0.09636 0.38623 0.05989
v 0.09151 0.33724 0.06086
v 0.08535 0.36032 0.07305
v 0.09609 0.32335 0.03838
v 0.09786 0.32236 0.01164
v 0.09635 0.33455 -0.01220
v 0.09196 0.35665 -0.02676
v 0.08587 0.38273 -0.02812
v 0.07971 0.40581 -0.01593
v 0.07513 0.41971 0.00655
v 0.07336 0.42069 0.03329
v 0.07487 0.40850 0.05713
v 0.07926 0.38641 0.07168
v 0.07335 0.32805 0.06503
v 0.06634 0.35430 0.07889
v 0.07855 0.31225 0.03947
v 0.08057 0.31113 0.00906
v 0.07885 0.32500 -0.01805
v 0.07386 0.35012 -0.03460
v 0.06694 0.37978 -0.03615
v 0.05993 0.40603 -0.02229
v 0.05473 0.42183 0.00327
v 0.05271 0.42295 0.03368
v 0.05443 0.40909 0.06079
v 0.05942 0.38396 0.07734
v 0.05316 0.32328 0.06387
v 0.04615 0.34953 0.07773
v 0.05837 0.30748 0.03831
v 0.06038 0.30636 0.00790
v 0.05866 0.32022 -0.01921
v 0.05368 0.34535 -0.03576
v 0.04675 0.37501 -0.03731
v 0.03975 0.40126 -0.02345
v 0.03454 0.41705 0.00211
v 0.03252 0.41817 0.03252
v 0.03424 0.40431 0.05963
v 0.03923 0.37919 0.07618
v 0.03338 0.32350 0.05751
v 0.02722 0.34658 0.06970
v 0.03796 0.30960 0.03503
v 0.03973 0.30862 0.00829
v 0.03822 0.32081 -0.01555
v 0.03383 0.34290 -0.03010
v 0.02774 0.36899 -0.03147
v 0.02158 0.39207 -0.01928
v 0.01700 0.40596 0.00320
v 0.01523 0.40694 0.02994
v 0.01674 0.39476 0.05378
v 0.02113 0.37266 0.06834
v 0.01639 0.32868 0.04672
v 0.01182 0.34581 0.05577
v 0.01979 0.31836 0.03004
v 0.02111 0.31763 0.01019
v 0.01999 0.32668 -0.00751
v 0.01673 0.34308 -0.01831
v 0.01221 0.36244 -0.01932
v 0.00764 0.37957 -0.01027
v 0.00424 0.38988 0.00641
v 0.00292 0.39061 0.02626
v 0.00405 0.38157 0.04396
v 0.00730 0.36517 0.05476
v 0.00425 0.33820 0.03281
v 0.00182 0.34731 0.03762
v 0.00606 0.33271 0.02393
v 0.00676 0.33232 0.01337
v 0.00616 0.33714 0.00395
v 0.00443 0.34586 -0.00179
v 0.00203 0.35616 -0.00233
v -0.00041 0.36528 0.00248
v -0.00221 0.37076 0.01136
v -0.00291 0.37115 0.02192
v -0.00232 0.36634 0.03134
v -0.00059 0.35761 0.03708
v -0.00158 0.35091 0.01744
v 0.27814 0.30601 0.04415
v 0.27991 0.29639 0.04008
v 0.28218 0.30941 0.02405
v 0.28134 0.29010 0.03168
v 0.28204 0.28883 0.02119
v 0.28183 0.29292 0.01142
v 0.28076 0.30127 0.00499
v 0.27912 0.31164 0.00363
v 0.27735 0.32126 0.00769
v 0.27592 0.32755 0.01609
v 0.27522 0.32882 0.02658
v 0.27543 0.32473 0.03635
v 0.27650 0.31638 0.04278
v 0.26746 0.30185 0.06148
v 0.27079 0.28377 0.05384
v 0.27348 0.27195 0.03805
v 0.27480 0.26957 0.01833
v 0.27440 0.27725 -0.00003
v 0.27239 0.29294 -0.01211
v 0.26931 0.31244 -0.01467
v 0.26598 0.33052 -0.00704
v 0.26330 0.34233 0.00876
v 0.26198 0.34472 0.02848
v 0.26238 0.33704 0.04683
v 0.26438 0.32135 0.05892
v 0.25594 0.27307 0.06368
v 0.25146 0.29743 0.07397
v 0.25955 0.25716 0.04240
v 0.26133 0.25394 0.01583
v 0.26080 0.26429 -0.00890
v 0.25809 0.28543 -0.02518
v 0.25394 0.31170 -0.02864
v 0.24946 0.33606 -0.01835
v 0.24584 0.35198 0.00293
v 0.24406 0.35519 0.02950
v 0.24460 0.34484 0.05423
v 0.24730 0.32370 0.07051
v 0.23714 0.26560 0.06840
v 0.23204 0.29329 0.08010
v 0.24125 0.24749 0.04420
v 0.24327 0.24384 0.01399
v 0.24266 0.25561 -0.01414
v 0.23959 0.27965 -0.03265
v 0.23487 0.30952 -0.03658
v 0.22977 0.33722 -0.02488
v 0.22566 0.35532 -0.00068
v 0.22363 0.35898 0.02953
v 0.22424 0.34721 0.05766
v 0.22732 0.32317 0.07617
v 0.21666 0.26223 0.06743
v 0.21156 0.28993 0.07913
v 0.22077 0.24413 0.04324
v 0.22279 0.24047 0.01303
v 0.22218 0.25224 -0.01510
v 0.21911 0.27629 -0.03361
v 0.21439 0.30616 -0.03754
v 0.20929 0.33386 -0.02584
v 0.20518 0.35196 -0.00164
v 0.20315 0.35561 0.02856
v 0.20376 0.34384 0.05669
v 0.20684 0.31980 0.07520
v 0.19697 0.26339 0.06090
v 0.19248 0.28775 0.07119
v 0.20058 0.24747 0.03962
v 0.20236 0.24426 0.01306
v 0.20183 0.25461 -0.01168
v 0.19912 0.27575 -0.02795
v 0.19497 0.30202 -0.03141
v 0.19049 0.32638 -0.02112
v 0.18687 0.34230 0.00016
v 0.18509 0.34551 0.02672
v 0.18563 0.33516 0.05146
v 0.18833 0.31402 0.06773
v 0.18044 0.26893 0.04959
v 0.17712 0.28701 0.05723
v 0.18313 0.25712 0.03380
v 0.18445 0.25473 0.01408
v 0.18405 0.26241 -0.00428
v 0.18204 0.27811 -0.01636
v 0.17896 0.29760 -0.01893
v 0.17563 0.31568 -0.01129
v 0.17295 0.32750 0.00450
v 0.17163 0.32988 0.02422
v 0.17203 0.32220 0.04258
v 0.17404 0.30651 0.05466
v 0.16908 0.27819 0.03487
v 0.16731 0.28781 0.03893
v 0.17051 0.27190 0.02646
v 0.17121 0.27063 0.01597
v 0.17100 0.27472 0.00620
v 0.16993 0.28307 -0.00023
v 0.16829 0.29344 -0.00159
v 0.16652 0.30306 0.00247
v 0.16509 0.30935 0.01088
v 0.16439 0.31062 0.02137
v 0.16460 0.30653 0.03114
v 0.16567 0.29818 0.03756
v 0.16424 0.29004 0.01850
v 0.20085 0.28644 0.01285
v 0.20097 0.28405 0.01856
v -0.54764 0.16113 -0.01668
v -0.54777 0.16352 -0.02239
v 0.20022 0.29133 0.00909
v -0.54839 0.16841 -0.02615
v 0.19926 0.29739 0.00829
v -0.54935 0.17447 -0.02695
v 0.19823 0.30302 0.01067
v -0.55038 0.18010 -0.02457
v -0.55122 0.18377 -0.01966
v 0.19739 0.30670 0.01558
v -0.55163 0.18452 -0.01352
v 0.19698 0.30744 0.02171
v -0.55151 0.18213 -0.00781
v 0.19711 0.30505 0.02743
v -0.55088 0.17724 -0.00405
v 0.19773 0.30016 0.03119
v -0.54992 0.17118 -0.00326
v 0.19869 0.29410 0.03198
v -0.54889 0.16555 -0.00563
v 0.19972 0.28847 0.02961
v 0.20056 0.28480 0.02469
v -0.54805 0.16188 -0.01055
v -0.06989 -0.12940 0.12296
v -0.06763 -0.13229 0.12285
v -0.06305 -0.12661 0.12358
v -0.06415 -0.13365 0.12274
v -0.06038 -0.13312 0.12267
v -0.05733 -0.13084 0.12266
v -0.05582 -0.12742 0.12270
v -0.05625 -0.12378 0.12279
v -0.05851 -0.12089 0.12291
v -0.06199 -0.11953 0.12301
v -0.06576 -0.12006 0.12308
v -0.06880 -0.12234 0.12310
v -0.07032 -0.12576 0.12306
v -0.07168 -0.13725 0.12080
v -0.07593 -0.13182 0.12101
v -0.06515 -0.13981 0.12060
v -0.05806 -0.13882 0.12046
v -0.05233 -0.13454 0.12044
v -0.04949 -0.12811 0.12052
v -0.05030 -0.12127 0.12069
v -0.05454 -0.11584 0.12090
v -0.06108 -0.11328 0.12110
v -0.06816 -0.11427 0.12123
v -0.07389 -0.11855 0.12126
v -0.07673 -0.12498 0.12118
v -0.07473 -0.14090 0.11767
v -0.08044 -0.13359 0.11796
v -0.06592 -0.14435 0.11740
v -0.05638 -0.14301 0.11722
v -0.04865 -0.13724 0.11718
v -0.04483 -0.12859 0.11729
v -0.04592 -0.11937 0.11752
v -0.05163 -0.11205 0.11781
v -0.06044 -0.10860 0.11808
v -0.06998 -0.10994 0.11826
v -0.07770 -0.11571 0.11829
v -0.08153 -0.12436 0.11818
v -0.07640 -0.14280 0.11384
v -0.08289 -0.13448 0.11417
v -0.06638 -0.14672 0.11354
v -0.05553 -0.14520 0.11333
v -0.04675 -0.13863 0.11329
v -0.04239 -0.12879 0.11341
v -0.04363 -0.11831 0.11368
v -0.05013 -0.10999 0.11400
v -0.06015 -0.10606 0.11431
v -0.07100 -0.10758 0.11451
v -0.07978 -0.11415 0.11456
v -0.08413 -0.12399 0.11443
v -0.07648 -0.14270 0.10978
v -0.08298 -0.13438 0.11011
v -0.06647 -0.14663 0.10948
v -0.05561 -0.14511 0.10927
v -0.04683 -0.13854 0.10923
v -0.04248 -0.12870 0.10935
v -0.04372 -0.11821 0.10961
v -0.05022 -0.10989 0.10994
v -0.06024 -0.10597 0.11025
v -0.07109 -0.10749 0.11045
v -0.07987 -0.11406 0.11049
v -0.08422 -0.12390 0.11037
v -0.07498 -0.14064 0.10598
v -0.08070 -0.13332 0.10626
v -0.06617 -0.14409 0.10571
v -0.05663 -0.14275 0.10553
v -0.04891 -0.13698 0.10549
v -0.04508 -0.12833 0.10560
v -0.04617 -0.11910 0.10583
v -0.05189 -0.11179 0.10612
v -0.06070 -0.10834 0.10639
v -0.07024 -0.10968 0.10656
v -0.07796 -0.11545 0.10660
v -0.08179 -0.12410 0.10649
v -0.07591 -0.13303 0.11590
v -0.07167 -0.13846 0.11568
v -0.06513 -0.14102 0.11548
v -0.05805 -0.14002 0.11535
v -0.05232 -0.13574 0.11532
v -0.04948 -0.12932 0.11540
v -0.05029 -0.12247 0.11557
v -0.05453 -0.11704 0.11579
v -0.06107 -0.11448 0.11599
v -0.06815 -0.11547 0.11612
v -0.07388 -0.11976 0.11615
v -0.07672 -0.12618 0.11607
v -0.06996 -0.13051 0.11379
v -0.06771 -0.13340 0.11368
v -0.06423 -0.13476 0.11357
v -0.06046 -0.13423 0.11350
v -0.05741 -0.13196 0.11349
v -0.05590 -0.12854 0.11353
v -0.05633 -0.12489 0.11362
v -0.05858 -0.12201 0.11373
v -0.06206 -0.12064 0.11384
v -0.06583 -0.12117 0.11391
v -0.06888 -0.12345 0.11393
v -0.07039 -0.12687 0.11388
v -0.06316 -0.12769 0.11300
v -0.05582 -0.12699 0.09978
v -0.05634 -0.12300 0.09988
v -0.05600 -0.12335 0.11541
v -0.05548 -0.12733 0.11531
v -0.05737 -0.13070 0.09973
v -0.05703 -0.13104 0.11526
v -0.06056 -0.13314 0.09975
v -0.06023 -0.13349 0.11528
v -0.06455 -0.13366 0.09982
v -0.06421 -0.13400 0.11535
v -0.06826 -0.13211 0.09994
v -0.06792 -0.13246 0.11547
v -0.07036 -0.12926 0.11559
v -0.07070 -0.12892 0.10006
v -0.07088 -0.12528 0.11569
v -0.07122 -0.12493 0.10016
v -0.06933 -0.12156 0.11574
v -0.06967 -0.12122 0.10021
v -0.06614 -0.11912 0.11573
v -0.06647 -0.11878 0.10020
v -0.06215 -0.11861 0.11565
v -0.06249 -0.11826 0.10012
v -0.05844 -0.12015 0.11554
v -0.05878 -0.11981 0.10001
v 0.05349 -0.14226 0.12550
v 0.05697 -0.14340 0.12554
v 0.05759 -0.13611 0.12597
v 0.06062 -0.14260 0.12551
v 0.06346 -0.14006 0.12542
v 0.06472 -0.13648 0.12528
v 0.06408 -0.13280 0.12514
v 0.06169 -0.13001 0.12504
v 0.05821 -0.12887 0.12500
v 0.05456 -0.12967 0.12503
v 0.05172 -0.13221 0.12512
v 0.05045 -0.13579 0.12526
v 0.05110 -0.13947 0.12540
v 0.05643 -0.14987 0.12375
v 0.04988 -0.14772 0.12368
v 0.06329 -0.14836 0.12370
v 0.06862 -0.14359 0.12352
v 0.07100 -0.13685 0.12326
v 0.06978 -0.12994 0.12300
v 0.06530 -0.12470 0.12280
v 0.05875 -0.12255 0.12272
v 0.05189 -0.12406 0.12278
v 0.04655 -0.12883 0.12296
v 0.04418 -0.13557 0.12322
v 0.04539 -0.14249 0.12348
v 0.05602 -0.15473 0.12082
v 0.04720 -0.15183 0.12072
v 0.06527 -0.15269 0.12074
v 0.07245 -0.14628 0.12050
v 0.07566 -0.13719 0.12016
v 0.07402 -0.12787 0.11981
v 0.06798 -0.12082 0.11954
v 0.05915 -0.11793 0.11944
v 0.04991 -0.11996 0.11952
v 0.04272 -0.12638 0.11976
v 0.03952 -0.13547 0.12010
v 0.04116 -0.14478 0.12045
v 0.04577 -0.15410 0.11698
v 0.05581 -0.15740 0.11710
v 0.06632 -0.15508 0.11701
v 0.07449 -0.14778 0.11674
v 0.07813 -0.13745 0.11635
v 0.07627 -0.12686 0.11595
v 0.06940 -0.11884 0.11565
v 0.05936 -0.11555 0.11553
v 0.04885 -0.11786 0.11562
v 0.04068 -0.12516 0.11589
v 0.03704 -0.13549 0.11628
v 0.03890 -0.14609 0.11668
v 0.04577 -0.15426 0.11292
v 0.05581 -0.15755 0.11304
v 0.06632 -0.15524 0.11295
v 0.07449 -0.14794 0.11268
v 0.07813 -0.13761 0.11229
v 0.07627 -0.12701 0.11189
v 0.06940 -0.11899 0.11159
v 0.05936 -0.11570 0.11147
v 0.04885 -0.11801 0.11156
v 0.04068 -0.12532 0.11183
v 0.03704 -0.13565 0.11222
v 0.03890 -0.14624 0.11262
v 0.04720 -0.15227 0.10903
v 0.05602 -0.15517 0.10913
v 0.06526 -0.15314 0.10906
v 0.07245 -0.14672 0.10881
v 0.07565 -0.13763 0.10847
v 0.07401 -0.12832 0.10812
v 0.06797 -0.12126 0.10785
v 0.05915 -0.11837 0.10775
v 0.04990 -0.12040 0.10783
v 0.04272 -0.12682 0.10807
v 0.03952 -0.13591 0.10841
v 0.04115 -0.14522 0.10876
v 0.05726 -0.15109 0.11871
v 0.05071 -0.14894 0.11863
v 0.06412 -0.14958 0.11866
v 0.06946 -0.14481 0.11847
v 0.07183 -0.13807 0.11822
v 0.07062 -0.13115 0.11796
v 0.06613 -0.12592 0.11776
v 0.05958 -0.12377 0.11768
v 0.05272 -0.12528 0.11774
v 0.04739 -0.13005 0.11792
v 0.04501 -0.13679 0.11818
v 0.04623 -0.14370 0.11844
v 0.05432 -0.14363 0.11640
v 0.05780 -0.14477 0.11644
v 0.06145 -0.14397 0.11641
v 0.06429 -0.14143 0.11632
v 0.06556 -0.13785 0.11618
v 0.06491 -0.13417 0.11604
v 0.06252 -0.13138 0.11594
v 0.05904 -0.13024 0.11590
v 0.05539 -0.13104 0.11593
v 0.05255 -0.13358 0.11602
v 0.05129 -0.13716 0.11616
v 0.05193 -0.14084 0.11630
v 0.05842 -0.13753 0.11546
v 0.06453 -0.13344 0.10223
v 0.06188 -0.13042 0.10212
v 0.06188 -0.12984 0.11764
v 0.06453 -0.13286 0.11776
v 0.06531 -0.13739 0.10238
v 0.06531 -0.13680 0.11791
v 0.06401 -0.14119 0.10252
v 0.06401 -0.14061 0.11805
v 0.06098 -0.14384 0.10262
v 0.06099 -0.14325 0.11815
v 0.05704 -0.14462 0.10265
v 0.05704 -0.14403 0.11818
v 0.05323 -0.14332 0.10261
v 0.05324 -0.14274 0.11813
v 0.05059 -0.13971 0.11802
v 0.05058 -0.14030 0.10249
v 0.04981 -0.13577 0.11787
v 0.04980 -0.13636 0.10234
v 0.05110 -0.13197 0.11773
v 0.05110 -0.13255 0.10220
v 0.05413 -0.12932 0.11763
v 0.05412 -0.12991 0.10210
v 0.05807 -0.12854 0.11760
v 0.05807 -0.12913 0.10207
v 0.18074 -0.14867 0.13009
v 0.18441 -0.14859 0.13017
v 0.18255 -0.14153 0.13080
v 0.18758 -0.14661 0.13022
v 0.18941 -0.14327 0.13024
v 0.18940 -0.13947 0.13022
v 0.18756 -0.13621 0.13017
v 0.18438 -0.13438 0.13009
v 0.18072 -0.13447 0.13002
v 0.17755 -0.13644 0.12996
v 0.17572 -0.13978 0.12994
v 0.17572 -0.14359 0.12996
v 0.17756 -0.14684 0.13001
v 0.18607 -0.15481 0.12820
v 0.17918 -0.15497 0.12806
v 0.19203 -0.15110 0.12831
v 0.19547 -0.14482 0.12835
v 0.19546 -0.13767 0.12831
v 0.19200 -0.13155 0.12820
v 0.18603 -0.12811 0.12806
v 0.17914 -0.12827 0.12792
v 0.17318 -0.13198 0.12781
v 0.16974 -0.13826 0.12777
v 0.16975 -0.14541 0.12781
v 0.17321 -0.15153 0.12792
v 0.18734 -0.15944 0.12514
v 0.17805 -0.15965 0.12495
v 0.19537 -0.15443 0.12528
v 0.20000 -0.14598 0.12533
v 0.19999 -0.13634 0.12528
v 0.19533 -0.12810 0.12514
v 0.18728 -0.12346 0.12495
v 0.17800 -0.12368 0.12476
v 0.16997 -0.12868 0.12462
v 0.16534 -0.13714 0.12456
v 0.16535 -0.14677 0.12462
v 0.17001 -0.15501 0.12476
v 0.17750 -0.16215 0.12113
v 0.18806 -0.16191 0.12135
v 0.19719 -0.15622 0.12151
v 0.20246 -0.14660 0.12157
v 0.20244 -0.13564 0.12151
v 0.19715 -0.12627 0.12135
v 0.18800 -0.12100 0.12113
v 0.17744 -0.12124 0.12091
v 0.16830 -0.12694 0.12075
v 0.16304 -0.13655 0.12070
v 0.16306 -0.14751 0.12075
v 0.16835 -0.15688 0.12091
v 0.17759 -0.16217 0.11707
v 0.18814 -0.16193 0.11729
v 0.19728 -0.15624 0.11745
v 0.20254 -0.14662 0.11751
v 0.20253 -0.13566 0.11745
v 0.19723 -0.12629 0.11729
v 0.18808 -0.12102 0.11707
v 0.17752 -0.12127 0.11685
v 0.16839 -0.12696 0.11669
v 0.16312 -0.13657 0.11663
v 0.16314 -0.14753 0.11669
v 0.16843 -0.15690 0.11685
v 0.17830 -0.15971 0.11325
v 0.18758 -0.15950 0.11345
v 0.19562 -0.15449 0.11359
v 0.20024 -0.14604 0.11364
v 0.20023 -0.13640 0.11359
v 0.19558 -0.12816 0.11345
v 0.18753 -0.12352 0.11326
v 0.17824 -0.12374 0.11306
v 0.17021 -0.12874 0.11292
v 0.16558 -0.13720 0.11287
v 0.16560 -0.14684 0.11292
v 0.17025 -0.15508 0.11306
v 0.18731 -0.15553 0.12315
v 0.18041 -0.15568 0.12300
v 0.19327 -0.15181 0.12325
v 0.19670 -0.14554 0.12329
v 0.19669 -0.13838 0.12325
v 0.19324 -0.13227 0.12315
v 0.18726 -0.12883 0.12301
v 0.18037 -0.12898 0.12286
v 0.17441 -0.13270 0.12276
v 0.17098 -0.13897 0.12272
v 0.17099 -0.14613 0.12276
v 0.17444 -0.15224 0.12286
v 0.18206 -0.14941 0.12097
v 0.18573 -0.14933 0.12105
v 0.18890 -0.14735 0.12111
v 0.19073 -0.14401 0.12113
v 0.19072 -0.14020 0.12111
v 0.18888 -0.13695 0.12105
v 0.18570 -0.13512 0.12098
v 0.18204 -0.13520 0.12090
v 0.17887 -0.13718 0.12084
v 0.17704 -0.14052 0.12082
v 0.17704 -0.14433 0.12084
v 0.17888 -0.14758 0.12090
v 0.18390 -0.14227 0.12027
v 0.18807 -0.13590 0.12279
v 0.18489 -0.13401 0.10718
v 0.18457 -0.13393 0.12271
v 0.18840 -0.13598 0.10726
v 0.19045 -0.13944 0.10732
v 0.19013 -0.13936 0.12285
v 0.19050 -0.14346 0.10734
v 0.19017 -0.14338 0.12288
v 0.18853 -0.14697 0.10732
v 0.18821 -0.14688 0.12285
v 0.18507 -0.14902 0.10726
v 0.18475 -0.14894 0.12279
v 0.18105 -0.14907 0.10717
v 0.18073 -0.14899 0.12271
v 0.17754 -0.14710 0.10709
v 0.17722 -0.14702 0.12263
v 0.17517 -0.14356 0.12256
v 0.17549 -0.14364 0.10703
v 0.17512 -0.13954 0.12254
v 0.17544 -0.13962 0.10701
v 0.17709 -0.13603 0.12256
v 0.17741 -0.13611 0.10703
v 0.18055 -0.13398 0.12263
v 0.18087 -0.13406 0.10709
v 0.31272 -0.14421 0.13139
v 0.31602 -0.14262 0.13135
v 0.31143 -0.13695 0.13210
v 0.31810 -0.13951 0.13132
v 0.31838 -0.13571 0.13131
v 0.31680 -0.13225 0.13132
v 0.31378 -0.13004 0.13135
v 0.31013 -0.12969 0.13140
v 0.30683 -0.13128 0.13144
v 0.30476 -0.13439 0.13147
v 0.30447 -0.13819 0.13148
v 0.30605 -0.14165 0.13147
v 0.30907 -0.14386 0.13144
v 0.32004 -0.14760 0.12928
v 0.31383 -0.15060 0.12936
v 0.32394 -0.14176 0.12922
v 0.32447 -0.13462 0.12920
v 0.32151 -0.12811 0.12922
v 0.31583 -0.12397 0.12929
v 0.30897 -0.12331 0.12937
v 0.30276 -0.12630 0.12945
v 0.29886 -0.13215 0.12951
v 0.29833 -0.13928 0.12953
v 0.30130 -0.14579 0.12951
v 0.30697 -0.14993 0.12944
v 0.32301 -0.15131 0.12613
v 0.31464 -0.15534 0.12625
v 0.32825 -0.14343 0.12606
v 0.32897 -0.13382 0.12603
v 0.32498 -0.12505 0.12606
v 0.31733 -0.11947 0.12615
v 0.30809 -0.11858 0.12626
v 0.29972 -0.12261 0.12637
v 0.29447 -0.13049 0.12645
v 0.29375 -0.14010 0.12648
v 0.29775 -0.14887 0.12644
v 0.30539 -0.15445 0.12636
v 0.31504 -0.15787 0.12243
v 0.32455 -0.15328 0.12230
v 0.33052 -0.14433 0.12221
v 0.33134 -0.13340 0.12218
v 0.32680 -0.12342 0.12222
v 0.31810 -0.11708 0.12232
v 0.30759 -0.11606 0.12244
v 0.29808 -0.12065 0.12257
v 0.29211 -0.12960 0.12266
v 0.29129 -0.14053 0.12269
v 0.29583 -0.15051 0.12265
v 0.30453 -0.15685 0.12256
v 0.31499 -0.15788 0.11836
v 0.32450 -0.15329 0.11824
v 0.33047 -0.14433 0.11815
v 0.33129 -0.13340 0.11812
v 0.32675 -0.12343 0.11816
v 0.31805 -0.11709 0.11825
v 0.30754 -0.11607 0.11838
v 0.29803 -0.12065 0.11851
v 0.29206 -0.12961 0.11860
v 0.29124 -0.14054 0.11863
v 0.29578 -0.15052 0.11859
v 0.30448 -0.15686 0.11849
v 0.31449 -0.15536 0.11455
v 0.32286 -0.15133 0.11444
v 0.32811 -0.14345 0.11436
v 0.32883 -0.13384 0.11433
v 0.32483 -0.12507 0.11437
v 0.31719 -0.11949 0.11445
v 0.30794 -0.11860 0.11456
v 0.29957 -0.12263 0.11467
v 0.29433 -0.13051 0.11475
v 0.29361 -0.14012 0.11478
v 0.29760 -0.14889 0.11475
v 0.30525 -0.15447 0.11466
v 0.32129 -0.14777 0.12418
v 0.31508 -0.15077 0.12426
v 0.32519 -0.14193 0.12412
v 0.32572 -0.13479 0.12410
v 0.32276 -0.12828 0.12413
v 0.31708 -0.12414 0.12419
v 0.31022 -0.12348 0.12427
v 0.30401 -0.12647 0.12435
v 0.30011 -0.13232 0.12441
v 0.29958 -0.13945 0.12443
v 0.30255 -0.14596 0.12441
v 0.30822 -0.15010 0.12434
v 0.31392 -0.14439 0.12223
v 0.31722 -0.14279 0.12219
v 0.31930 -0.13968 0.12216
v 0.31958 -0.13589 0.12215
v 0.31800 -0.13242 0.12216
v 0.31498 -0.13022 0.12219
v 0.31133 -0.12987 0.12224
v 0.30803 -0.13146 0.12228
v 0.30596 -0.13457 0.12231
v 0.30567 -0.13837 0.12232
v 0.30725 -0.14183 0.12231
v 0.31027 -0.14403 0.12228
v 0.31262 -0.13713 0.12153
v 0.31387 -0.12959 0.12397
v 0.30967 -0.12927 0.10848
v 0.30986 -0.12924 0.12402
v 0.31368 -0.12961 0.10843
v 0.31717 -0.13189 0.12393
v 0.31698 -0.13191 0.10840
v 0.31868 -0.13556 0.10838
v 0.31887 -0.13553 0.12392
v 0.31834 -0.13956 0.10839
v 0.31853 -0.13954 0.12393
v 0.31604 -0.14286 0.10843
v 0.31623 -0.14283 0.12396
v 0.31240 -0.14457 0.10848
v 0.31259 -0.14454 0.12401
v 0.30839 -0.14422 0.10853
v 0.30858 -0.14420 0.12406
v 0.30509 -0.14192 0.10856
v 0.30528 -0.14190 0.12410
v 0.30358 -0.13825 0.12411
v 0.30339 -0.13828 0.10858
v 0.30392 -0.13425 0.12410
v 0.30373 -0.13428 0.10857
v 0.30622 -0.13095 0.12407
v 0.30603 -0.13098 0.10853
v 0.43861 -0.14553 0.13624
v 0.44086 -0.14263 0.13623
v 0.43422 -0.13961 0.13695
v 0.44132 -0.13893 0.13623
v 0.43989 -0.13540 0.13623
v 0.43693 -0.13300 0.13624
v 0.43325 -0.13237 0.13625
v 0.42982 -0.13368 0.13625
v 0.42757 -0.13658 0.13626
v 0.42710 -0.14029 0.13626
v 0.42854 -0.14382 0.13626
v 0.43149 -0.14621 0.13625
v 0.43518 -0.14684 0.13624
v 0.44669 -0.14529 0.13419
v 0.44246 -0.15074 0.13420
v 0.44757 -0.13832 0.13419
v 0.44488 -0.13170 0.13419
v 0.43932 -0.12719 0.13420
v 0.43239 -0.12601 0.13422
v 0.42595 -0.12848 0.13423
v 0.42173 -0.13392 0.13424
v 0.42084 -0.14089 0.13424
v 0.42354 -0.14752 0.13424
v 0.42910 -0.15202 0.13422
v 0.43603 -0.15320 0.13421
v 0.45102 -0.14727 0.13107
v 0.44532 -0.15461 0.13108
v 0.45221 -0.13788 0.13106
v 0.44857 -0.12895 0.13107
v 0.44109 -0.12288 0.13109
v 0.43176 -0.12129 0.13111
v 0.42308 -0.12461 0.13113
v 0.41739 -0.13195 0.13114
v 0.41620 -0.14134 0.13114
v 0.41983 -0.15026 0.13113
v 0.42732 -0.15634 0.13112
v 0.43665 -0.15793 0.13110
v 0.44684 -0.15666 0.12726
v 0.45332 -0.14832 0.12724
v 0.45467 -0.13764 0.12724
v 0.45054 -0.12749 0.12725
v 0.44202 -0.12059 0.12727
v 0.43141 -0.11878 0.12729
v 0.42155 -0.12255 0.12731
v 0.41507 -0.13090 0.12732
v 0.41372 -0.14157 0.12733
v 0.41785 -0.15173 0.12732
v 0.42637 -0.15863 0.12730
v 0.43698 -0.16044 0.12728
v 0.44683 -0.15666 0.12319
v 0.45331 -0.14832 0.12318
v 0.45466 -0.13764 0.12318
v 0.45053 -0.12749 0.12319
v 0.44202 -0.12059 0.12321
v 0.43140 -0.11878 0.12323
v 0.42154 -0.12255 0.12325
v 0.41506 -0.13090 0.12326
v 0.41371 -0.14157 0.12326
v 0.41784 -0.15173 0.12326
v 0.42636 -0.15863 0.12324
v 0.43697 -0.16044 0.12322
v 0.44530 -0.15461 0.11938
v 0.45100 -0.14727 0.11937
v 0.45218 -0.13788 0.11937
v 0.44855 -0.12895 0.11938
v 0.44106 -0.12288 0.11939
v 0.43173 -0.12129 0.11941
v 0.42306 -0.12461 0.11943
v 0.41736 -0.13195 0.11944
v 0.41617 -0.14134 0.11944
v 0.41981 -0.15026 0.11943
v 0.42729 -0.15634 0.11942
v 0.43662 -0.15792 0.11940
v 0.44793 -0.14485 0.12910
v 0.44370 -0.15030 0.12911
v 0.44881 -0.13788 0.12910
v 0.44611 -0.13126 0.12911
v 0.44056 -0.12675 0.12912
v 0.43363 -0.12557 0.12913
v 0.42719 -0.12803 0.12915
v 0.42296 -0.13348 0.12915
v 0.42208 -0.14045 0.12916
v 0.42478 -0.14708 0.12915
v 0.43034 -0.15158 0.12914
v 0.43726 -0.15276 0.12912
v 0.43983 -0.14509 0.12709
v 0.44208 -0.14219 0.12708
v 0.44255 -0.13848 0.12708
v 0.44112 -0.13496 0.12709
v 0.43816 -0.13256 0.12709
v 0.43448 -0.13193 0.12710
v 0.43105 -0.13324 0.12711
v 0.42880 -0.13614 0.12711
v 0.42833 -0.13985 0.12711
v 0.42977 -0.14337 0.12711
v 0.43272 -0.14577 0.12710
v 0.43641 -0.14640 0.12710
v 0.43544 -0.13917 0.12639
v 0.43318 -0.13187 0.12887
v 0.42941 -0.13335 0.11334
v 0.42944 -0.13335 0.12887
v 0.43315 -0.13187 0.11333
v 0.43716 -0.13246 0.12886
v 0.43713 -0.13246 0.11332
v 0.44031 -0.13496 0.12885
v 0.44028 -0.13496 0.11331
v 0.44175 -0.13870 0.11331
v 0.44179 -0.13870 0.12885
v 0.44116 -0.14268 0.11331
v 0.44120 -0.14268 0.12885
v 0.43866 -0.14583 0.11332
v 0.43870 -0.14583 0.12885
v 0.43492 -0.14731 0.11332
v 0.43496 -0.14731 0.12886
v 0.43095 -0.14672 0.11333
v 0.43098 -0.14672 0.12887
v 0.42780 -0.14422 0.11334
v 0.42783 -0.14422 0.12888
v 0.42635 -0.14048 0.12888
v 0.42632 -0.14048 0.11334
v 0.42694 -0.13650 0.12888
v 0.42691 -0.13650 0.11334
vt 0.12500 0.37500
vt 0.12500 0.62500
vt 0.12500 0.87500
vt 0.37500 0.37500
vt 0.37500 0.62500
vt 0.37500 0.87500
vt 0.62500 0.62500
vt 0.62500 0.87500
vt 0.87500 0.62500
vt 0.87500 0.87500
vn -0.1100 0.9939 0.0017
vn 0.1100 -0.9939 -0.0017
vn 0.0049 0.0023 -1.0000
vn -0.0049 -0.0023 1.0000
vn -0.9939 -0.1100 -0.0051
vn 0.9939 0.1100 0.0051
vn -0.1397 0.9901 0.0099
vn 0.1397 -0.9901 -0.0099
vn -0.0098 0.0087 -0.9999
vn 0.0098 -0.0087 0.9999
vn -0.9901 -0.1398 0.0085
vn 0.9901 0.1398 -0.0085
vn -0.2129 0.9771 0.0012
vn 0.2121 -0.9772 -0.0012
vn 0.0179 0.0037 -0.9998
vn -0.0179 -0.0037 0.9998
vn -0.9935 -0.1047 -0.0456
vn -0.2123 0.9771 0.0134
vn 0.0133 0.0200 -0.9997
vn -0.0134 -0.0200 0.9997
vn 0.2130 -0.9770 -0.0134
vn 0.0110 0.9999 0.0050
vn -0.0097 -0.9999 -0.0050
vn 0.0187 0.0037 -0.9998
vn -0.0188 -0.0037 0.9998
vn -0.9929 -0.0944 -0.0724
vn 0.9983 -0.0577 -0.0047
vn 0.0100 0.9997 -0.0214
vn 0.0202 -0.0272 -0.9994
vn -0.0202 0.0272 0.9994
vn -0.0117 -0.9997 0.0212
vn -0.1410 0.9899 0.0142
vn 0.1700 -0.9854 0.0040
vn 0.0393 -0.0008 -0.9992
vn -0.0393 0.0008 0.9992
vn -0.9930 -0.1157 -0.0228
vn 0.9931 0.1154 0.0228
vn 0.0091 -0.0121 -0.9999
vn -0.0091 0.0121 0.9999
vn -0.1275 0.9918 0.0023
vn 0.1462 -0.9892 0.0051
vn 0.0395 -0.0012 -0.9992
vn -0.0395 0.0011 0.9992
vn -0.9928 -0.1192 -0.0149
vn 0.9928 0.1191 0.0149
vn -0.0067 -0.0191 -0.9998
vn 0.0067 0.0192 0.9998
vn -0.1215 0.9925 -0.0135
vn 0.0950 -0.9955 0.0011
vn 0.0498 -0.0086 -0.9987
vn -0.0498 0.0085 0.9987
vn -0.9915 -0.1258 -0.0341
vn 0.9915 0.1257 0.0341
vn 0.0218 -0.0200 -0.9996
vn -0.0219 0.0200 0.9996
vn -0.1023 0.9947 -0.0026
vn 0.1188 -0.9928 -0.0142
vn 0.0263 -0.0012 -0.9997
vn -0.0263 0.0011 0.9997
vn -0.9909 -0.1346 -0.0055
vn 0.9909 0.1347 0.0055
vn -0.0131 -0.0184 -0.9997
vn 0.0131 0.0184 0.9997
vn -0.1095 0.9926 -0.0519
vn 0.0983 -0.9950 -0.0192
vn 0.0428 0.0038 -0.9991
vn -0.0428 -0.0038 0.9991
vn -0.9913 -0.1308 -0.0176
vn 0.9913 0.1307 0.0176
vn -0.0057 -0.0184 -0.9998
vn 0.0057 0.0185 0.9998
vn -0.1173 0.9929 -0.0209
vn 0.0876 -0.9962 0.0007
vn 0.0577 0.0018 -0.9983
vn -0.0576 -0.0020 0.9983
vn -0.9924 -0.1220 -0.0145
vn 0.9924 0.1219 0.0145
vn -0.0252 -0.0373 -0.9990
vn 0.0252 0.0375 0.9990
vn -0.0899 0.9947 -0.0499
vn 0.1123 -0.9936 0.0145
vn 0.0319 -0.0082 -0.9995
vn -0.0319 0.0081 0.9995
vn -0.9911 -0.1333 0.0006
vn 0.9910 0.1336 -0.0006
vn -0.0255 -0.0384 -0.9989
vn 0.0255 0.0385 0.9989
vn 0.0597 -0.1284 0.9899
vn 0.0949 -0.0891 0.9915
vn 0.1055 -0.0387 0.9937
vn 0.0887 0.0094 0.9960
vn 0.0491 0.0423 0.9979
vn -0.0028 0.0512 0.9987
vn -0.0531 0.0338 0.9980
vn -0.0883 -0.0054 0.9961
vn -0.0989 -0.0558 0.9935
vn -0.0821 -0.1039 0.9912
vn -0.0425 -0.1369 0.9897
vn 0.0094 -0.1458 0.9893
vn 0.1797 -0.2988 0.9372
vn 0.2892 -0.1759 0.9410
vn 0.3218 -0.0183 0.9466
vn 0.2696 0.1317 0.9539
vn 0.1462 0.2348 0.9610
vn -0.0160 0.2631 0.9646
vn -0.1734 0.2084 0.9625
vn -0.2829 0.0856 0.9553
vn -0.3155 -0.0717 0.9462
vn -0.2633 -0.2218 0.9389
vn -0.1399 -0.3250 0.9353
vn 0.0224 -0.3536 0.9351
vn 0.3209 -0.4966 0.8065
vn 0.5162 -0.2739 0.8115
vn 0.5724 0.0087 0.8199
vn 0.4790 0.2769 0.8330
vn 0.2594 0.4632 0.8474
vn -0.0318 0.5162 0.8559
vn -0.3154 0.4176 0.8521
vn -0.5107 0.1954 0.8373
vn -0.5669 -0.0867 0.8192
vn -0.4735 -0.3549 0.8061
vn -0.2540 -0.5416 0.8013
vn 0.0374 -0.5952 0.8027
vn 0.4813 -0.7146 0.5077
vn 0.7697 -0.3764 0.5156
vn 0.8477 0.0457 0.5285
vn 0.7090 0.4440 0.5479
vn 0.3857 0.7260 0.5693
vn -0.0503 0.8116 0.5821
vn -0.4776 0.6630 0.5764
vn -0.7662 0.3255 0.5541
vn -0.8442 -0.0960 0.5274
vn -0.7055 -0.4943 0.5080
vn -0.3822 -0.7769 0.5004
vn 0.0540 -0.8632 0.5020
vn 0.5708 -0.8201 -0.0409
vn 0.9093 -0.4155 -0.0228
vn 0.9965 0.0835 0.0007
vn 0.8331 0.5526 0.0235
vn 0.4546 0.8897 0.0408
vn -0.0621 0.9969 0.0476
vn -0.5708 0.8201 0.0409
vn -0.9093 0.4155 0.0228
vn -0.9965 -0.0835 -0.0007
vn -0.8331 -0.5526 -0.0235
vn -0.4546 -0.8897 -0.0408
vn 0.0621 -0.9969 -0.0476
vn 0.4776 -0.6630 -0.5764
vn 0.7662 -0.3255 -0.5541
vn 0.8442 0.0960 -0.5274
vn 0.7055 0.4943 -0.5080
vn 0.3822 0.7769 -0.5004
vn -0.0540 0.8632 -0.5020
vn -0.4813 0.7146 -0.5077
vn -0.7697 0.3764 -0.5156
vn -0.8477 -0.0457 -0.5285
vn -0.7090 -0.4440 -0.5479
vn -0.3857 -0.7260 -0.5693
vn 0.0503 -0.8116 -0.5821
vn -0.5307 0.7784 -0.3355
vn -0.8603 0.4082 -0.3052
vn -0.9492 -0.0648 -0.3080
vn -0.7890 -0.5073 -0.3465
vn -0.4231 -0.8080 -0.4100
vn 0.0545 -0.8782 -0.4752
vn 0.4986 -0.6956 -0.5172
vn 0.7817 -0.3339 -0.5267
vn 0.8546 0.0960 -0.5103
vn 0.7205 0.5027 -0.4777
vn 0.3995 0.8073 -0.4345
vn -0.0575 0.9215 -0.3842
vn 0.1734 -0.2084 -0.9625
vn 0.2829 -0.0856 -0.9553
vn 0.3155 0.0717 -0.9462
vn 0.2633 0.2218 -0.9389
vn 0.1399 0.3250 -0.9353
vn -0.0224 0.3536 -0.9351
vn -0.1797 0.2988 -0.9372
vn -0.2892 0.1759 -0.9410
vn -0.3218 0.0183 -0.9466
vn -0.2696 -0.1317 -0.9539
vn -0.1462 -0.2348 -0.9610
vn 0.0160 -0.2631 -0.9646
vn 0.0531 -0.0338 -0.9980
vn 0.0883 0.0054 -0.9961
vn 0.0989 0.0558 -0.9935
vn 0.0821 0.1040 -0.9912
vn 0.0425 0.1369 -0.9897
vn -0.0094 0.1458 -0.9893
vn -0.0597 0.1284 -0.9899
vn -0.0949 0.0891 -0.9915
vn -0.1055 0.0387 -0.9937
vn -0.0887 -0.0094 -0.9960
vn -0.0491 -0.0423 -0.9979
vn 0.0028 -0.0512 -0.9987
vn -0.0729 0.9962 0.0476
vn 0.4355 0.8992 0.0413
vn 0.8272 0.5613 0.0240
vn 0.9973 0.0730 0.0002
vn 0.9002 -0.4349 -0.0237
vn 0.5618 -0.8262 -0.0412
vn 0.0729 -0.9962 -0.0476
vn -0.4355 -0.8992 -0.0413
vn -0.8272 -0.5613 -0.0240
vn -0.9973 -0.0730 -0.0002
vn -0.9002 0.4349 0.0237
vn -0.5618 0.8262 0.0412
vn -0.0033 0.0475 -0.9989
vn 0.0033 -0.0475 0.9989
vn -0.0193 -0.1546 0.9878
vn 0.0269 -0.1296 0.9912
vn 0.0538 -0.0857 0.9949
vn 0.0542 -0.0348 0.9979
vn 0.0280 0.0095 0.9996
vn -0.0179 0.0355 0.9992
vn -0.0710 0.0360 0.9968
vn -0.1173 0.0111 0.9930
vn -0.1442 -0.0327 0.9890
vn -0.1446 -0.0836 0.9860
vn -0.1184 -0.1280 0.9847
vn -0.0725 -0.1540 0.9854
vn 0.0377 -0.3548 0.9342
vn 0.1821 -0.2762 0.9437
vn 0.2658 -0.1390 0.9540
vn 0.2670 0.0197 0.9635
vn 0.1855 0.1584 0.9698
vn 0.0423 0.2398 0.9699
vn -0.1241 0.2416 0.9624
vn -0.2683 0.1631 0.9494
vn -0.3518 0.0262 0.9357
vn -0.3531 -0.1326 0.9262
vn -0.2717 -0.2714 0.9233
vn -0.1287 -0.3531 0.9267
vn 0.1081 -0.5868 0.8025
vn 0.3668 -0.4433 0.8179
vn 0.5147 -0.1965 0.8345
vn 0.5169 0.0872 0.8516
vn 0.3728 0.3365 0.8647
vn 0.1164 0.4848 0.8668
vn -0.1835 0.4880 0.8534
vn -0.4417 0.3451 0.8281
vn -0.5893 0.0988 0.8019
vn -0.5915 -0.1850 0.7848
vn -0.4478 -0.4348 0.7813
vn -0.1918 -0.5837 0.7890
vn 0.1950 -0.8421 0.5028
vn 0.5803 -0.6215 0.5263
vn 0.7957 -0.2508 0.5513
vn 0.7990 0.1706 0.5766
vn 0.5894 0.5450 0.5964
vn 0.2076 0.7727 0.5998
vn -0.2443 0.7775 0.5795
vn -0.6289 0.5577 0.5416
vn -0.8437 0.1878 0.5028
vn -0.8470 -0.2336 0.4775
vn -0.6380 -0.6087 0.4716
vn -0.2569 -0.8374 0.4825
vn 0.2616 -0.9641 -0.0457
vn 0.7159 -0.6981 -0.0091
vn 0.9656 -0.2584 0.0286
vn 0.9695 0.2381 0.0584
vn 0.7267 0.6830 0.0739
vn 0.2765 0.9585 0.0698
vn -0.2616 0.9641 0.0457
vn -0.7159 0.6981 0.0091
vn -0.9656 0.2584 -0.0286
vn -0.9695 -0.2381 -0.0584
vn -0.7267 -0.6830 -0.0739
vn -0.2765 -0.9585 -0.0698
vn 0.2443 -0.7775 -0.5795
vn 0.6289 -0.5577 -0.5416
vn 0.8437 -0.1878 -0.5028
vn 0.8470 0.2336 -0.4775
vn 0.6380 0.6087 -0.4716
vn 0.2569 0.8374 -0.4825
vn -0.1950 0.8421 -0.5028
vn -0.5803 0.6215 -0.5263
vn -0.7957 0.2508 -0.5513
vn -0.7990 -0.1706 -0.5766
vn -0.5894 -0.5450 -0.5964
vn -0.2076 -0.7727 -0.5998
vn -0.2256 0.9164 -0.3305
vn -0.6617 0.6792 -0.3176
vn -0.9048 0.2641 -0.3340
vn -0.9022 -0.2059 -0.3789
vn -0.6574 -0.6117 -0.4400
vn -0.2296 -0.8383 -0.4944
vn 0.2511 -0.8161 -0.5206
vn 0.6399 -0.5713 -0.5140
vn 0.8530 -0.1916 -0.4854
vn 0.8630 0.2361 -0.4467
vn 0.6624 0.6306 -0.4045
vn 0.2694 0.8918 -0.3634
vn 0.1241 -0.2416 -0.9624
vn 0.2683 -0.1631 -0.9494
vn 0.3518 -0.0262 -0.9357
vn 0.3531 0.1326 -0.9262
vn 0.2717 0.2714 -0.9233
vn 0.1287 0.3531 -0.9267
vn -0.0377 0.3548 -0.9342
vn -0.1821 0.2762 -0.9437
vn -0.2658 0.1390 -0.9540
vn -0.2670 -0.0197 -0.9635
vn -0.1855 -0.1584 -0.9698
vn -0.0423 -0.2398 -0.9699
vn 0.0710 -0.0360 -0.9968
vn 0.1173 -0.0111 -0.9930
vn 0.1442 0.0327 -0.9890
vn 0.1446 0.0836 -0.9860
vn 0.1184 0.1280 -0.9847
vn 0.0725 0.1540 -0.9854
vn 0.0193 0.1546 -0.9878
vn -0.0269 0.1296 -0.9912
vn -0.0538 0.0857 -0.9949
vn -0.0542 0.0348 -0.9979
vn -0.0280 -0.0095 -0.9996
vn 0.0179 -0.0355 -0.9992
vn 0.2660 0.9615 0.0695
vn 0.7118 0.6984 0.0741
vn 0.9669 0.2482 0.0589
vn 0.9629 -0.2685 0.0278
vn 0.7009 -0.7132 -0.0107
vn 0.2510 -0.9669 -0.0463
vn -0.2660 -0.9615 -0.0695
vn -0.7118 -0.6984 -0.0741
vn -0.9669 -0.2482 -0.0589
vn -0.9629 0.2685 -0.0278
vn -0.7009 0.7132 0.0107
vn -0.2510 0.9669 0.0463
vn 0.0454 0.0595 -0.9972
vn -0.0454 -0.0595 0.9972
vn -0.1032 -0.1351 0.9854
vn -0.0507 -0.1333 0.9898
vn -0.0071 -0.1061 0.9943
vn 0.0158 -0.0607 0.9980
vn 0.0120 -0.0093 0.9999
vn -0.0175 0.0343 0.9993
vn -0.0648 0.0585 0.9962
vn -0.1173 0.0567 0.9915
vn -0.1608 0.0295 0.9865
vn -0.1837 -0.0159 0.9828
vn -0.1800 -0.0673 0.9814
vn -0.1505 -0.1110 0.9824
vn -0.1402 -0.3396 0.9301
vn 0.0239 -0.3334 0.9425
vn 0.1596 -0.2479 0.9555
vn 0.2312 -0.1063 0.9671
vn 0.2198 0.0540 0.9741
vn 0.1278 0.1907 0.9733
vn -0.0203 0.2664 0.9637
vn -0.1842 0.2604 0.9478
vn -0.3196 0.1750 0.9313
vn -0.3911 0.0334 0.9197
vn -0.3800 -0.1271 0.9162
vn -0.2883 -0.2639 0.9204
vn -0.1781 -0.5780 0.7964
vn 0.1171 -0.5646 0.8170
vn 0.3591 -0.4095 0.8387
vn 0.4870 -0.1565 0.8593
vn 0.4686 0.1308 0.8737
vn 0.3049 0.3777 0.8743
vn 0.0380 0.5140 0.8569
vn -0.2564 0.5011 0.8265
vn -0.4976 0.3464 0.7953
vn -0.6255 0.0933 0.7746
vn -0.6079 -0.1944 0.7699
vn -0.4451 -0.4416 0.7790
vn -0.2086 -0.8436 0.4947
vn 0.2341 -0.8176 0.5260
vn 0.5915 -0.5816 0.5585
vn 0.7814 -0.2058 0.5891
vn 0.7598 0.2226 0.6108
vn 0.5192 0.5964 0.6121
vn 0.1170 0.8019 0.5859
vn -0.3245 0.7764 0.5403
vn -0.6807 0.5409 0.4940
vn -0.8706 0.1651 0.4634
vn -0.8502 -0.2638 0.4555
vn -0.6109 -0.6382 0.4686
vn -0.1938 -0.9795 -0.0543
vn 0.3307 -0.9437 -0.0085
vn 0.7493 -0.6612 0.0380
vn 0.9730 -0.2185 0.0740
vn 0.9532 0.2880 0.0919
vn 0.6727 0.7349 0.0854
vn 0.1938 0.9795 0.0543
vn -0.3307 0.9437 0.0085
vn -0.7493 0.6612 -0.0380
vn -0.9730 0.2185 -0.0740
vn -0.9532 -0.2880 -0.0919
vn -0.6727 -0.7349 -0.0854
vn -0.1170 -0.8019 -0.5859
vn 0.3245 -0.7764 -0.5403
vn 0.6807 -0.5409 -0.4940
vn 0.8706 -0.1651 -0.4634
vn 0.8502 0.2638 -0.4555
vn 0.6109 0.6382 -0.4686
vn 0.2086 0.8436 -0.4947
vn -0.2341 0.8176 -0.5260
vn -0.5915 0.5816 -0.5585
vn -0.7814 0.2058 -0.5891
vn -0.7598 -0.2226 -0.6108
vn -0.5192 -0.5964 -0.6121
vn 0.2113 0.9229 -0.3219
vn -0.2849 0.9044 -0.3177
vn -0.6869 0.6409 -0.3425
vn -0.8929 0.2191 -0.3933
vn -0.8532 -0.2529 -0.4562
vn -0.5700 -0.6459 -0.5079
vn -0.1292 -0.8397 -0.5274
vn 0.3278 -0.7935 -0.5127
vn 0.6871 -0.5485 -0.4766
vn 0.8855 -0.1702 -0.4323
vn 0.8806 0.2721 -0.3879
vn 0.6442 0.6808 -0.3486
vn 0.0203 -0.2664 -0.9637
vn 0.1842 -0.2604 -0.9478
vn 0.3196 -0.1750 -0.9313
vn 0.3911 -0.0334 -0.9197
vn 0.3800 0.1271 -0.9162
vn 0.2883 0.2639 -0.9204
vn 0.1402 0.3396 -0.9301
vn -0.0239 0.3334 -0.9425
vn -0.1596 0.2479 -0.9555
vn -0.2312 0.1063 -0.9671
vn -0.2198 -0.0540 -0.9741
vn -0.1278 -0.1907 -0.9733
vn 0.0648 -0.0585 -0.9962
vn 0.1173 -0.0567 -0.9915
vn 0.1608 -0.0295 -0.9865
vn 0.1837 0.0159 -0.9828
vn 0.1800 0.0673 -0.9814
vn 0.1505 0.1110 -0.9824
vn 0.1032 0.1351 -0.9854
vn 0.0507 0.1333 -0.9898
vn 0.0071 0.1061 -0.9943
vn -0.0158 0.0607 -0.9980
vn -0.0120 0.0093 -0.9999
vn 0.0175 -0.0343 -0.9993
vn 0.6647 0.7423 0.0851
vn 0.9468 0.3083 0.0922
vn 0.9752 -0.2082 0.0746
vn 0.7423 -0.6690 0.0371
vn 0.3105 -0.9505 -0.0104
vn -0.2045 -0.9773 -0.0551
vn -0.6647 -0.7423 -0.0851
vn -0.9468 -0.3083 -0.0922
vn -0.9752 0.2082 -0.0746
vn -0.7423 0.6690 -0.0371
vn -0.3105 0.9505 0.0104
vn 0.2045 0.9773 0.0551
vn 0.0844 0.0385 -0.9957
vn -0.0844 -0.0385 0.9957
vn -0.1148 -0.1063 0.9877
vn -0.0671 -0.1285 0.9894
vn -0.0158 -0.1240 0.9922
vn 0.0254 -0.0940 0.9952
vn 0.0453 -0.0465 0.9979
vn 0.0387 0.0057 0.9992
vn 0.0074 0.0487 0.9988
vn -0.0404 0.0710 0.9967
vn -0.0916 0.0665 0.9936
vn -0.1328 0.0365 0.9905
vn -0.1527 -0.0110 0.9882
vn -0.1462 -0.0633 0.9872
vn -0.2425 -0.2701 0.9318
vn -0.0930 -0.3391 0.9362
vn 0.0672 -0.3245 0.9435
vn 0.1954 -0.2309 0.9531
vn 0.2581 -0.0830 0.9626
vn 0.2379 0.0804 0.9680
vn 0.1398 0.2151 0.9665
vn -0.0095 0.2842 0.9587
vn -0.1695 0.2697 0.9479
vn -0.2977 0.1761 0.9383
vn -0.3605 0.0281 0.9323
vn -0.3406 -0.1354 0.9304
vn -0.3893 -0.4611 0.7974
vn -0.1194 -0.5832 0.8035
vn 0.1672 -0.5548 0.8150
vn 0.3964 -0.3875 0.8323
vn 0.5106 -0.1235 0.8509
vn 0.4765 0.1705 0.8625
vn 0.2996 0.4131 0.8600
vn 0.0303 0.5354 0.8440
vn -0.2558 0.5073 0.8229
vn -0.4850 0.3401 0.8057
vn -0.5997 0.0758 0.7966
vn -0.5661 -0.2185 0.7949
vn -0.5483 -0.6744 0.4945
vn -0.1409 -0.8520 0.5042
vn 0.2855 -0.8039 0.5217
vn 0.6260 -0.5556 0.5473
vn 0.8014 -0.1645 0.5750
vn 0.7562 0.2774 0.5926
vn 0.4897 0.6430 0.5888
vn 0.0831 0.8211 0.5648
vn -0.3426 0.7734 0.5334
vn -0.6830 0.5250 0.5078
vn -0.8592 0.1336 0.4939
vn -0.8148 -0.3088 0.4907
vn -0.6179 -0.7842 -0.0561
vn -0.1326 -0.9905 -0.0359
vn 0.3699 -0.9290 -0.0069
vn 0.7710 -0.6364 0.0233
vn 0.9831 -0.1765 0.0481
vn 0.9352 0.3489 0.0607
vn 0.6179 0.7842 0.0561
vn 0.1326 0.9905 0.0359
vn -0.3699 0.9290 0.0069
vn -0.7710 0.6364 -0.0233
vn -0.9831 0.1765 -0.0481
vn -0.9352 -0.3489 -0.0607
vn -0.4897 -0.6430 -0.5888
vn -0.0831 -0.8211 -0.5648
vn 0.3426 -0.7734 -0.5334
vn 0.6830 -0.5250 -0.5078
vn 0.8592 -0.1336 -0.4939
vn 0.8148 0.3088 -0.4907
vn 0.5483 0.6744 -0.4945
vn 0.1409 0.8520 -0.5042
vn -0.2855 0.8039 -0.5217
vn -0.6260 0.5556 -0.5473
vn -0.8014 0.1645 -0.5750
vn -0.7562 -0.2774 -0.5926
vn 0.5933 0.7381 -0.3211
vn 0.1430 0.9455 -0.2926
vn -0.3354 0.8929 -0.3005
vn -0.7117 0.6114 -0.3460
vn -0.8923 0.1746 -0.4164
vn -0.8197 -0.3021 -0.4866
vn -0.5154 -0.6732 -0.5302
vn -0.0869 -0.8387 -0.5376
vn 0.3455 -0.7836 -0.5164
vn 0.6952 -0.5372 -0.4776
vn 0.8927 -0.1421 -0.4277
vn 0.8684 0.3278 -0.3720
vn -0.1398 -0.2151 -0.9665
vn 0.0095 -0.2842 -0.9587
vn 0.1695 -0.2697 -0.9479
vn 0.2977 -0.1761 -0.9383
vn 0.3605 -0.0281 -0.9323
vn 0.3406 0.1354 -0.9304
vn 0.2425 0.2701 -0.9318
vn 0.0930 0.3391 -0.9362
vn -0.0672 0.3245 -0.9435
vn -0.1954 0.2309 -0.9531
vn -0.2581 0.0830 -0.9626
vn -0.2379 -0.0804 -0.9680
vn -0.0074 -0.0487 -0.9988
vn 0.0404 -0.0710 -0.9967
vn 0.0916 -0.0665 -0.9936
vn 0.1328 -0.0365 -0.9905
vn 0.1527 0.0110 -0.9882
vn 0.1462 0.0633 -0.9872
vn 0.1148 0.1063 -0.9877
vn 0.0671 0.1285 -0.9894
vn 0.0158 0.1240 -0.9922
vn -0.0254 0.0940 -0.9952
vn -0.0453 0.0465 -0.9979
vn -0.0387 -0.0057 -0.9992
vn 0.9313 0.3591 0.0608
vn 0.9866 -0.1554 0.0489
vn 0.7776 -0.6283 0.0239
vn 0.3602 -0.9328 -0.0075
vn -0.1537 -0.9874 -0.0369
vn -0.6264 -0.7774 -0.0564
vn -0.9313 -0.3591 -0.0608
vn -0.9866 0.1554 -0.0489
vn -0.7776 0.6283 -0.0239
vn -0.3602 0.9328 0.0075
vn 0.1537 0.9874 0.0369
vn 0.6264 0.7774 0.0564
vn 0.0540 0.0289 -0.9981
vn -0.0540 -0.0289 0.9981
vn -0.1303 -0.0814 0.9881
vn -0.0962 -0.1215 0.9879
vn -0.0476 -0.1388 0.9892
vn 0.0023 -0.1287 0.9917
vn 0.0403 -0.0940 0.9948
vn 0.0561 -0.0438 0.9975
vn 0.0455 0.0084 0.9989
vn 0.0113 0.0485 0.9988
vn -0.0372 0.0658 0.9971
vn -0.0872 0.0558 0.9946
vn -0.1251 0.0210 0.9919
vn -0.1409 -0.0292 0.9896
vn -0.3156 -0.1753 0.9325
vn -0.2084 -0.3003 0.9308
vn -0.0566 -0.3539 0.9336
vn 0.0991 -0.3225 0.9414
vn 0.2178 -0.2144 0.9522
vn 0.2677 -0.0577 0.9618
vn 0.2345 0.1056 0.9664
vn 0.1274 0.2307 0.9646
vn -0.0242 0.2844 0.9584
vn -0.1799 0.2530 0.9506
vn -0.2988 0.1447 0.9433
vn -0.3488 -0.0121 0.9371
vn -0.5311 -0.2835 0.7985
vn -0.3365 -0.5068 0.7936
vn -0.0640 -0.6006 0.7970
vn 0.2144 -0.5444 0.8110
vn 0.4284 -0.3525 0.8320
vn 0.5200 -0.0715 0.8511
vn 0.4603 0.2226 0.8594
vn 0.2661 0.4463 0.8544
vn -0.0060 0.5404 0.8414
vn -0.2844 0.4842 0.8275
vn -0.4988 0.2920 0.8161
vn -0.5909 0.0106 0.8067
vn -0.7701 -0.4013 0.4959
vn -0.4735 -0.7324 0.4892
vn -0.0656 -0.8666 0.4947
vn 0.3478 -0.7832 0.5155
vn 0.6706 -0.5016 0.5465
vn 0.8139 -0.0817 0.5753
vn 0.7238 0.3615 0.5877
vn 0.4279 0.6931 0.5801
vn 0.0205 0.8278 0.5607
vn -0.3929 0.7444 0.5399
vn -0.7163 0.4623 0.5227
vn -0.8601 0.0419 0.5083
vn -0.8893 -0.4541 -0.0547
vn -0.5337 -0.8440 -0.0538
vn -0.0507 -0.9980 -0.0388
vn 0.4362 -0.8997 -0.0144
vn 0.8211 -0.5707 0.0141
vn 0.9965 -0.0736 0.0399
vn 0.8893 0.4541 0.0547
vn 0.5337 0.8440 0.0538
vn 0.0507 0.9980 0.0388
vn -0.4362 0.8997 0.0144
vn -0.8211 0.5707 -0.0141
vn -0.9965 0.0736 -0.0399
vn -0.7238 -0.3615 -0.5877
vn -0.4279 -0.6931 -0.5801
vn -0.0205 -0.8278 -0.5607
vn 0.3929 -0.7444 -0.5399
vn 0.7163 -0.4623 -0.5227
vn 0.8601 -0.0419 -0.5083
vn 0.7701 0.4013 -0.4959
vn 0.4735 0.7324 -0.4892
vn 0.0656 0.8666 -0.4947
vn -0.3478 0.7832 -0.5155
vn -0.6706 0.5016 -0.5465
vn -0.8139 0.0817 -0.5753
vn 0.8407 0.4348 -0.3226
vn 0.5183 0.8095 -0.2758
vn 0.0614 0.9608 -0.2703
vn -0.3988 0.8629 -0.3105
vn -0.7461 0.5433 -0.3850
vn -0.8799 0.0822 -0.4679
vn -0.7587 -0.3802 -0.5291
vn -0.4382 -0.7085 -0.5532
vn -0.0218 -0.8388 -0.5440
vn 0.3994 -0.7616 -0.5104
vn 0.7444 -0.4861 -0.4578
vn 0.9190 -0.0508 -0.3910
vn -0.2345 -0.1056 -0.9664
vn -0.1274 -0.2307 -0.9646
vn 0.0242 -0.2844 -0.9584
vn 0.1799 -0.2530 -0.9506
vn 0.2988 -0.1447 -0.9433
vn 0.3488 0.0121 -0.9371
vn 0.3156 0.1753 -0.9325
vn 0.2084 0.3003 -0.9308
vn 0.0566 0.3539 -0.9336
vn -0.0991 0.3225 -0.9414
vn -0.2178 0.2144 -0.9522
vn -0.2677 0.0577 -0.9618
vn -0.0455 -0.0084 -0.9989
vn -0.0113 -0.0485 -0.9988
vn 0.0372 -0.0658 -0.9971
vn 0.0872 -0.0558 -0.9946
vn 0.1251 -0.0210 -0.9919
vn 0.1409 0.0292 -0.9896
vn 0.1303 0.0814 -0.9881
vn 0.0962 0.1215 -0.9879
vn 0.0476 0.1388 -0.9892
vn -0.0023 0.1287 -0.9917
vn -0.0403 0.0940 -0.9948
vn -0.0561 0.0438 -0.9975
vn 0.9972 -0.0628 0.0403
vn 0.8330 -0.5530 0.0153
vn 0.4456 -0.8951 -0.0139
vn -0.0612 -0.9974 -0.0393
vn -0.5516 -0.8324 -0.0541
vn -0.8942 -0.4443 -0.0545
vn -0.9972 0.0628 -0.0403
vn -0.8330 0.5530 -0.0153
vn -0.4456 0.8951 0.0139
vn 0.0612 0.9974 0.0393
vn 0.5516 0.8324 0.0541
vn 0.8942 0.4443 0.0545
vn 0.0426 0.0367 -0.9984
vn -0.0426 -0.0367 0.9984
vn -0.1364 -0.0292 0.9902
vn -0.1161 -0.0778 0.9902
vn -0.0752 -0.1092 0.9912
vn -0.0245 -0.1148 0.9931
vn 0.0223 -0.0933 0.9954
vn 0.0527 -0.0504 0.9973
vn 0.0586 0.0026 0.9983
vn 0.0384 0.0512 0.9980
vn -0.0026 0.0825 0.9966
vn -0.0532 0.0882 0.9947
vn -0.1000 0.0667 0.9927
vn -0.1305 0.0237 0.9912
vn -0.3422 -0.0624 0.9376
vn -0.2784 -0.2142 0.9363
vn -0.1503 -0.3116 0.9382
vn 0.0077 -0.3293 0.9442
vn 0.1539 -0.2626 0.9525
vn 0.2495 -0.1286 0.9598
vn 0.2679 0.0369 0.9627
vn 0.2042 0.1888 0.9605
vn 0.0762 0.2863 0.9551
vn -0.0817 0.3040 0.9492
vn -0.2281 0.2372 0.9443
vn -0.3238 0.1032 0.9405
vn -0.5821 -0.1006 0.8068
vn -0.4653 -0.3727 0.8029
vn -0.2345 -0.5454 0.8047
vn 0.0479 -0.5770 0.8154
vn 0.3106 -0.4596 0.8320
vn 0.4841 -0.2200 0.8469
vn 0.5173 0.0784 0.8522
vn 0.4008 0.3507 0.8464
vn 0.1704 0.5234 0.8349
vn -0.1120 0.5550 0.8243
vn -0.3751 0.4375 0.8172
vn -0.5489 0.1978 0.8121
vn -0.8495 -0.1421 0.5080
vn -0.6686 -0.5482 0.5024
vn -0.3212 -0.8007 0.5057
vn 0.0980 -0.8476 0.5215
vn 0.4919 -0.6781 0.5461
vn 0.7571 -0.3220 0.5684
vn 0.8071 0.1276 0.5764
vn 0.6268 0.5338 0.5676
vn 0.2799 0.7865 0.5505
vn -0.1393 0.8335 0.5347
vn -0.5337 0.6638 0.5239
vn -0.7995 0.3075 0.5160
vn -0.9862 -0.1605 -0.0407
vn -0.7669 -0.6406 -0.0386
vn -0.3541 -0.9348 -0.0264
vn 0.1398 -0.9901 -0.0078
vn 0.6072 -0.7944 0.0131
vn 0.9266 -0.3747 0.0312
vn 0.9862 0.1605 0.0407
vn 0.7669 0.6406 0.0386
vn 0.3541 0.9348 0.0264
vn -0.1398 0.9901 0.0078
vn -0.6072 0.7944 -0.0131
vn -0.9266 0.3747 -0.0312
vn -0.8071 -0.1276 -0.5764
vn -0.6268 -0.5338 -0.5676
vn -0.2799 -0.7865 -0.5505
vn 0.1393 -0.8335 -0.5347
vn 0.5337 -0.6638 -0.5239
vn 0.7995 -0.3075 -0.5160
vn 0.8495 0.1421 -0.5080
vn 0.6686 0.5482 -0.5024
vn 0.3212 0.8007 -0.5057
vn -0.0980 0.8476 -0.5215
vn -0.4919 0.6781 -0.5461
vn -0.7571 0.3220 -0.5684
vn 0.9293 0.1539 -0.3358
vn 0.7375 0.6097 -0.2904
vn 0.3489 0.8936 -0.2823
vn -0.1196 0.9409 -0.3170
vn -0.5489 0.7423 -0.3843
vn -0.8185 0.3436 -0.4605
vn -0.8453 -0.1342 -0.5172
vn -0.6410 -0.5451 -0.5404
vn -0.2843 -0.7965 -0.5336
vn 0.1407 -0.8516 -0.5050
vn 0.5540 -0.6945 -0.4591
vn 0.8543 -0.3330 -0.3991
vn -0.2679 -0.0369 -0.9627
vn -0.2042 -0.1888 -0.9605
vn -0.0762 -0.2863 -0.9551
vn 0.0817 -0.3040 -0.9492
vn 0.2281 -0.2372 -0.9443
vn 0.3238 -0.1032 -0.9405
vn 0.3422 0.0624 -0.9376
vn 0.2784 0.2142 -0.9363
vn 0.1503 0.3116 -0.9382
vn -0.0077 0.3293 -0.9442
vn -0.1539 0.2626 -0.9525
vn -0.2495 0.1286 -0.9598
vn -0.0586 -0.0026 -0.9983
vn -0.0384 -0.0512 -0.9980
vn 0.0026 -0.0825 -0.9966
vn 0.0532 -0.0882 -0.9947
vn 0.1000 -0.0667 -0.9927
vn 0.1305 -0.0237 -0.9912
vn 0.1364 0.0292 -0.9902
vn 0.1161 0.0778 -0.9902
vn 0.0752 0.1092 -0.9912
vn 0.0245 0.1148 -0.9931
vn -0.0223 0.0933 -0.9954
vn -0.0527 0.0504 -0.9973
vn 0.9306 -0.3646 0.0315
vn 0.6240 -0.7813 0.0139
vn 0.1502 -0.9886 -0.0074
vn -0.3639 -0.9311 -0.0267
vn -0.7804 -0.6240 -0.0389
vn -0.9879 -0.1498 -0.0406
vn -0.9306 0.3646 -0.0315
vn -0.6240 0.7813 -0.0139
vn -0.1502 0.9886 0.0074
vn 0.3639 0.9311 0.0267
vn 0.7804 0.6240 0.0389
vn 0.9879 0.1498 0.0406
vn 0.0391 0.0134 -0.9991
vn -0.0391 -0.0134 0.9991
vn -0.1063 0.0409 0.9935
vn -0.1097 -0.0117 0.9939
vn -0.0869 -0.0580 0.9945
vn -0.0440 -0.0855 0.9954
vn 0.0075 -0.0870 0.9962
vn 0.0539 -0.0620 0.9966
vn 0.0827 -0.0172 0.9964
vn 0.0861 0.0353 0.9957
vn 0.0633 0.0816 0.9947
vn 0.0204 0.1092 0.9938
vn -0.0311 0.1106 0.9934
vn -0.0775 0.0857 0.9933
vn -0.3069 0.1022 0.9462
vn -0.3172 -0.0622 0.9463
vn -0.2456 -0.2064 0.9472
vn -0.1118 -0.2923 0.9498
vn 0.0490 -0.2975 0.9535
vn 0.1943 -0.2198 0.9560
vn 0.2843 -0.0796 0.9554
vn 0.2946 0.0848 0.9518
vn 0.2231 0.2289 0.9476
vn 0.0893 0.3148 0.9449
vn -0.0716 0.3200 0.9447
vn -0.2169 0.2423 0.9456
vn -0.5426 0.1736 0.8219
vn -0.5588 -0.1221 0.8203
vn -0.4286 -0.3793 0.8200
vn -0.1894 -0.5329 0.8247
vn 0.0985 -0.5443 0.8331
vn 0.3606 -0.4065 0.8395
vn 0.5229 -0.1539 0.8384
vn 0.5392 0.1417 0.8302
vn 0.4091 0.3988 0.8207
vn 0.1699 0.5524 0.8161
vn -0.1181 0.5639 0.8173
vn -0.3803 0.4262 0.8208
vn -0.8092 0.2533 0.5301
vn -0.8275 -0.1909 0.5280
vn -0.6283 -0.5714 0.5279
vn -0.2731 -0.7996 0.5349
vn 0.1556 -0.8224 0.5472
vn 0.5518 -0.6210 0.5567
vn 0.7963 -0.2404 0.5551
vn 0.8148 0.2037 0.5428
vn 0.6157 0.5840 0.5290
vn 0.2606 0.8121 0.5221
vn -0.1683 0.8352 0.5236
vn -0.5647 0.6339 0.5285
vn -0.9557 0.2938 -0.0148
vn -0.9723 -0.2336 -0.0088
vn -0.7327 -0.6805 -0.0006
vn -0.3143 -0.9493 0.0075
vn 0.1917 -0.9813 0.0139
vn 0.6646 -0.7470 0.0168
vn 0.9557 -0.2938 0.0148
vn 0.9723 0.2336 0.0088
vn 0.7327 0.6805 0.0006
vn 0.3143 0.9493 -0.0075
vn -0.1917 0.9813 -0.0139
vn -0.6646 0.7470 -0.0168
vn -0.7963 0.2404 -0.5551
vn -0.8148 -0.2037 -0.5428
vn -0.6157 -0.5840 -0.5290
vn -0.2606 -0.8121 -0.5221
vn 0.1683 -0.8352 -0.5236
vn 0.5647 -0.6339 -0.5285
vn 0.8092 -0.2533 -0.5301
vn 0.8275 0.1909 -0.5280
vn 0.6283 0.5714 -0.5279
vn 0.2731 0.7996 -0.5349
vn -0.1556 0.8224 -0.5472
vn -0.5518 0.6210 -0.5567
vn 0.8909 -0.2770 -0.3601
vn 0.9227 0.2169 -0.3188
vn 0.7008 0.6438 -0.3071
vn 0.3012 0.8940 -0.3317
vn -0.1735 0.9063 -0.3854
vn -0.5940 0.6683 -0.4478
vn -0.8317 0.2517 -0.4949
vn -0.8317 -0.2073 -0.5151
vn -0.6236 -0.5909 -0.5119
vn -0.2665 -0.8288 -0.4920
vn 0.1747 -0.8713 -0.4587
vn 0.6058 -0.6803 -0.4125
vn -0.2843 0.0796 -0.9554
vn -0.2946 -0.0848 -0.9518
vn -0.2231 -0.2289 -0.9476
vn -0.0893 -0.3148 -0.9449
vn 0.0716 -0.3200 -0.9447
vn 0.2169 -0.2423 -0.9456
vn 0.3069 -0.1022 -0.9462
vn 0.3172 0.0622 -0.9463
vn 0.2456 0.2064 -0.9472
vn 0.1118 0.2923 -0.9498
vn -0.0490 0.2975 -0.9535
vn -0.1943 0.2198 -0.9560
vn -0.0827 0.0172 -0.9964
vn -0.0861 -0.0353 -0.9957
vn -0.0633 -0.0816 -0.9947
vn -0.0204 -0.1092 -0.9938
vn 0.0311 -0.1106 -0.9934
vn 0.0775 -0.0857 -0.9933
vn 0.1063 -0.0409 -0.9935
vn 0.1097 0.0117 -0.9939
vn 0.0869 0.0580 -0.9945
vn 0.0440 0.0855 -0.9954
vn -0.0075 0.0870 -0.9962
vn -0.0539 0.0620 -0.9966
vn 0.6727 -0.7397 0.0168
vn 0.2127 -0.9770 0.0141
vn -0.3044 -0.9525 0.0077
vn -0.7398 -0.6728 -0.0008
vn -0.9771 -0.2128 -0.0091
vn -0.9525 0.3042 -0.0149
vn -0.6727 0.7397 -0.0168
vn -0.2127 0.9770 -0.0141
vn 0.3044 0.9525 -0.0077
vn 0.7398 0.6728 0.0008
vn 0.9771 0.2128 0.0091
vn 0.9525 -0.3042 0.0149
vn 0.0119 -0.0119 -0.9999
vn -0.0119 0.0119 0.9999
vn -0.1152 0.0462 0.9923
vn -0.1055 -0.0056 0.9944
vn -0.0719 -0.0447 0.9964
vn -0.0235 -0.0607 0.9979
vn 0.0268 -0.0493 0.9984
vn 0.0655 -0.0136 0.9978
vn 0.0823 0.0369 0.9959
vn 0.0726 0.0886 0.9934
vn 0.0390 0.1277 0.9910
vn -0.0094 0.1437 0.9896
vn -0.0597 0.1324 0.9894
vn -0.0984 0.0967 0.9904
vn -0.3246 0.0542 0.9443
vn -0.2938 -0.1075 0.9498
vn -0.1886 -0.2293 0.9549
vn -0.0377 -0.2792 0.9595
vn 0.1194 -0.2442 0.9624
vn 0.2407 -0.1328 0.9615
vn 0.2932 0.0252 0.9557
vn 0.2624 0.1868 0.9467
vn 0.1573 0.3084 0.9382
vn 0.0064 0.3583 0.9336
vn -0.1507 0.3234 0.9342
vn -0.2722 0.2122 0.9386
vn -0.5704 0.0608 0.8191
vn -0.5127 -0.2296 0.8273
vn -0.3228 -0.4463 0.8347
vn -0.0530 -0.5355 0.8428
vn 0.2287 -0.4749 0.8498
vn 0.4485 -0.2762 0.8500
vn 0.5430 0.0086 0.8397
vn 0.4854 0.2986 0.8217
vn 0.2956 0.5148 0.8047
vn 0.0258 0.6041 0.7965
vn -0.2560 0.5438 0.7992
vn -0.4759 0.3456 0.8088
vn -0.8478 0.0620 0.5266
vn -0.7553 -0.3727 0.5391
vn -0.4679 -0.6916 0.5502
vn -0.0672 -0.8241 0.5624
vn 0.3537 -0.7395 0.5728
vn 0.6875 -0.4458 0.5732
vn 0.8299 -0.0167 0.5577
vn 0.7376 0.4174 0.5308
vn 0.4504 0.7357 0.5058
vn 0.0498 0.8683 0.4936
vn -0.3714 0.7842 0.4971
vn -0.7054 0.4911 0.5110
vn -0.9987 0.0468 -0.0185
vn -0.8839 -0.4677 0.0049
vn -0.5409 -0.8407 0.0262
vn -0.0689 -0.9968 0.0405
vn 0.4293 -0.9021 0.0448
vn 0.8292 -0.5578 0.0370
vn 0.9987 -0.0468 0.0185
vn 0.8839 0.4677 -0.0049
vn 0.5409 0.8407 -0.0262
vn 0.0689 0.9968 -0.0405
vn -0.4293 0.9021 -0.0448
vn -0.8292 0.5578 -0.0370
vn -0.8299 0.0167 -0.5577
vn -0.7376 -0.4174 -0.5308
vn -0.4504 -0.7357 -0.5058
vn -0.0498 -0.8683 -0.4936
vn 0.3714 -0.7842 -0.4971
vn 0.7054 -0.4911 -0.5110
vn 0.8478 -0.0620 -0.5266
vn 0.7553 0.3727 -0.5391
vn 0.4679 0.6916 -0.5502
vn 0.0672 0.8241 -0.5624
vn -0.3537 0.7395 -0.5728
vn -0.6875 0.4458 -0.5732
vn 0.9325 -0.0591 -0.3564
vn 0.8406 0.4283 -0.3315
vn 0.5197 0.7870 -0.3323
vn 0.0705 0.9293 -0.3626
vn -0.3922 0.8216 -0.4137
vn -0.7404 0.4848 -0.4657
vn -0.8671 0.0209 -0.4976
vn -0.7531 -0.4242 -0.5028
vn -0.4564 -0.7438 -0.4884
vn -0.0515 -0.8849 -0.4630
vn 0.3865 -0.8154 -0.4310
vn 0.7566 -0.5220 -0.3938
vn -0.2932 -0.0252 -0.9557
vn -0.2624 -0.1868 -0.9467
vn -0.1573 -0.3084 -0.9382
vn -0.0064 -0.3583 -0.9336
vn 0.1507 -0.3234 -0.9342
vn 0.2722 -0.2122 -0.9386
vn 0.3246 -0.0542 -0.9443
vn 0.2938 0.1075 -0.9498
vn 0.1886 0.2293 -0.9549
vn 0.0377 0.2792 -0.9595
vn -0.1194 0.2442 -0.9624
vn -0.2407 0.1328 -0.9615
vn -0.0823 -0.0369 -0.9959
vn -0.0726 -0.0887 -0.9934
vn -0.0390 -0.1277 -0.9910
vn 0.0094 -0.1437 -0.9896
vn 0.0597 -0.1324 -0.9894
vn 0.0984 -0.0967 -0.9904
vn 0.1152 -0.0462 -0.9923
vn 0.1055 0.0056 -0.9944
vn 0.0719 0.0447 -0.9964
vn 0.0235 0.0607 -0.9979
vn -0.0268 0.0493 -0.9984
vn -0.0655 0.0136 -0.9978
vn 0.8352 -0.5487 0.0368
vn 0.4485 -0.8927 0.0447
vn -0.0584 -0.9975 0.0407
vn -0.5497 -0.8350 0.0258
vn -0.8936 -0.4488 0.0040
vn -0.9982 0.0577 -0.0189
vn -0.8352 0.5487 -0.0368
vn -0.4485 0.8927 -0.0447
vn 0.0584 0.9975 -0.0407
vn 0.5497 0.8350 -0.0258
vn 0.8936 0.4488 -0.0040
vn 0.9982 -0.0577 0.0189
vn 0.0165 -0.0418 -0.9990
vn -0.0165 0.0418 0.9990
vn -0.0936 -0.0271 0.9952
vn -0.0627 -0.0698 0.9956
vn -0.0156 -0.0908 0.9957
vn 0.0350 -0.0846 0.9958
vn 0.0756 -0.0529 0.9957
vn 0.0954 -0.0040 0.9954
vn 0.0889 0.0488 0.9948
vn 0.0580 0.0915 0.9941
vn 0.0109 0.1125 0.9936
vn -0.0397 0.1063 0.9935
vn -0.0803 0.0746 0.9940
vn -0.1001 0.0258 0.9946
vn -0.2879 -0.1084 0.9515
vn -0.1908 -0.2415 0.9515
vn -0.0437 -0.3067 0.9508
vn 0.1142 -0.2875 0.9510
vn 0.2413 -0.1888 0.9519
vn 0.3035 -0.0362 0.9521
vn 0.2833 0.1291 0.9503
vn 0.1863 0.2622 0.9469
vn 0.0392 0.3274 0.9441
vn -0.1187 0.3082 0.9439
vn -0.2458 0.2095 0.9464
vn -0.3080 0.0570 0.9497
vn -0.5166 -0.2050 0.8313
vn -0.3404 -0.4430 0.8294
vn -0.0760 -0.5578 0.8265
vn 0.2062 -0.5234 0.8268
vn 0.4352 -0.3484 0.8302
vn 0.5491 -0.0749 0.8324
vn 0.5127 0.2231 0.8291
vn 0.3364 0.4610 0.8212
vn 0.0721 0.5757 0.8144
vn -0.2101 0.5413 0.8142
vn -0.4391 0.3664 0.8203
vn -0.5530 0.0930 0.8280
vn -0.7769 -0.3166 0.5443
vn -0.5074 -0.6702 0.5416
vn -0.1112 -0.8359 0.5374
vn 0.3079 -0.7848 0.5379
vn 0.6526 -0.5287 0.5428
vn 0.8291 -0.1206 0.5460
vn 0.7743 0.3284 0.5410
vn 0.5049 0.6819 0.5293
vn 0.1087 0.8475 0.5196
vn -0.3104 0.7963 0.5191
vn -0.6551 0.5404 0.5280
vn -0.8316 0.1325 0.5393
vn -0.9233 -0.3840 0.0020
vn -0.5993 -0.8005 0.0073
vn -0.1296 -0.9915 0.0105
vn 0.3641 -0.9313 0.0110
vn 0.7742 -0.6329 0.0087
vn 0.9886 -0.1507 0.0040
vn 0.9233 0.3840 -0.0020
vn 0.5993 0.8005 -0.0073
vn 0.1296 0.9915 -0.0105
vn -0.3641 0.9313 -0.0110
vn -0.7742 0.6329 -0.0087
vn -0.9886 0.1507 -0.0040
vn -0.7743 -0.3284 -0.5410
vn -0.5049 -0.6819 -0.5293
vn -0.1087 -0.8475 -0.5196
vn 0.3104 -0.7963 -0.5191
vn 0.6551 -0.5404 -0.5280
vn 0.8316 -0.1325 -0.5393
vn 0.7769 0.3166 -0.5443
vn 0.5074 0.6702 -0.5416
vn 0.1112 0.8359 -0.5374
vn -0.3079 0.7848 -0.5379
vn -0.6526 0.5287 -0.5428
vn -0.8291 0.1206 -0.5460
vn 0.8573 0.3520 -0.3757
vn 0.5671 0.7529 -0.3340
vn 0.1240 0.9401 -0.3177
vn -0.3436 0.8773 -0.3350
vn -0.7176 0.5833 -0.3806
vn -0.8902 0.1311 -0.4363
vn -0.8079 -0.3417 -0.4801
vn -0.5152 -0.6952 -0.5013
vn -0.1101 -0.8576 -0.5023
vn 0.3168 -0.8127 -0.4891
vn 0.6840 -0.5634 -0.4633
vn 0.8946 -0.1409 -0.4241
vn -0.2833 -0.1291 -0.9503
vn -0.1863 -0.2622 -0.9469
vn -0.0392 -0.3274 -0.9441
vn 0.1187 -0.3082 -0.9439
vn 0.2458 -0.2095 -0.9464
vn 0.3080 -0.0570 -0.9497
vn 0.2879 0.1084 -0.9515
vn 0.1908 0.2415 -0.9515
vn 0.0437 0.3067 -0.9508
vn -0.1142 0.2875 -0.9510
vn -0.2413 0.1888 -0.9519
vn -0.3035 0.0362 -0.9521
vn -0.0889 -0.0488 -0.9948
vn -0.0580 -0.0915 -0.9941
vn -0.0109 -0.1125 -0.9936
vn 0.0397 -0.1063 -0.9935
vn 0.0803 -0.0746 -0.9940
vn 0.1001 -0.0258 -0.9946
vn 0.0936 0.0271 -0.9952
vn 0.0627 0.0698 -0.9956
vn 0.0156 0.0908 -0.9957
vn -0.0350 0.0846 -0.9958
vn -0.0756 0.0529 -0.9957
vn -0.0954 0.0040 -0.9954
vn 0.9902 -0.1399 0.0039
vn 0.7875 -0.6162 0.0086
vn 0.3739 -0.9274 0.0110
vn -0.1399 -0.9901 0.0105
vn -0.6163 -0.7875 0.0071
vn -0.9275 -0.3739 0.0019
vn -0.9902 0.1399 -0.0039
vn -0.7875 0.6162 -0.0086
vn -0.3739 0.9274 -0.0110
vn 0.1399 0.9901 -0.0105
vn 0.6163 0.7875 -0.0071
vn 0.9275 0.3739 -0.0019
vn 0.0024 -0.0109 -0.9999
vn -0.0024 0.0109 0.9999
vn 0.2297 -0.8606 -0.4545
vn 0.1708 -0.5181 -0.8381
vn 0.0661 -0.0367 -0.9971
vn -0.0563 0.4545 -0.8890
vn -0.1636 0.8239 -0.5426
vn -0.2271 0.9726 -0.0508
vn -0.2297 0.8606 0.4545
vn -0.1708 0.5181 0.8381
vn -0.0661 0.0367 0.9971
vn 0.0563 -0.4545 0.8890
vn 0.1636 -0.8239 0.5426
vn 0.2271 -0.9726 0.0508
vn 0.9716 0.2298 0.0559
vn -0.9716 -0.2298 -0.0559
vn 0.9659 0.1444 0.2147
vn 0.9852 0.0781 0.1525
vn 0.9966 0.0514 0.0642
vn 0.9971 0.0715 -0.0266
vn 0.9865 0.1330 -0.0955
vn 0.9677 0.2194 -0.1240
vn 0.9457 0.3077 -0.1046
vn 0.9265 0.3740 -0.0424
vn 0.9151 0.4007 0.0459
vn 0.9146 0.3806 0.1367
vn 0.9252 0.3191 0.2055
vn 0.9440 0.2326 0.2341
vn 0.8629 -0.0360 0.5041
vn 0.9179 -0.2255 0.3264
vn 0.9505 -0.3017 0.0741
vn 0.9519 -0.2443 -0.1852
vn 0.9216 -0.0686 -0.3820
vn 0.8679 0.1784 -0.4636
vn 0.8051 0.4304 -0.4081
vn 0.7501 0.6199 -0.2304
vn 0.7175 0.6962 0.0219
vn 0.7162 0.6388 0.2812
vn 0.7464 0.4630 0.4780
vn 0.8001 0.2161 0.5596
vn 0.6555 -0.2084 0.7258
vn 0.7389 -0.4954 0.4568
vn 0.7882 -0.6109 0.0747
vn 0.7902 -0.5239 -0.3179
vn 0.7445 -0.2578 -0.6159
vn 0.6631 0.1162 -0.7394
vn 0.5681 0.4978 -0.6554
vn 0.4847 0.7847 -0.3863
vn 0.4354 0.9002 -0.0043
vn 0.4334 0.8133 0.3883
vn 0.4791 0.5471 0.6863
vn 0.5605 0.1732 0.8099
vn 0.3754 -0.3526 0.8572
vn 0.4766 -0.7011 0.5304
vn 0.5365 -0.8413 0.0665
vn 0.5389 -0.7357 -0.4102
vn 0.4834 -0.4125 -0.7721
vn 0.3846 0.0416 -0.9221
vn 0.2692 0.5050 -0.8201
vn 0.1679 0.8535 -0.4933
vn 0.1081 0.9937 -0.0294
vn 0.1056 0.8881 0.4474
vn 0.1612 0.5649 0.8092
vn 0.2599 0.1108 0.9593
vn -0.2692 -0.5050 0.8201
vn -0.1679 -0.8535 0.4933
vn -0.1081 -0.9937 0.0294
vn -0.1056 -0.8881 -0.4474
vn -0.1612 -0.5649 -0.8092
vn -0.2599 -0.1108 -0.9593
vn -0.3754 0.3526 -0.8572
vn -0.4766 0.7011 -0.5304
vn -0.5365 0.8413 -0.0665
vn -0.5389 0.7357 0.4102
vn -0.4834 0.4125 0.7721
vn -0.3846 -0.0416 0.9221
vn -0.5681 -0.4978 0.6554
vn -0.4847 -0.7847 0.3863
vn -0.4354 -0.9002 0.0043
vn -0.4334 -0.8133 -0.3883
vn -0.4791 -0.5471 -0.6863
vn -0.5605 -0.1732 -0.8099
vn -0.6555 0.2084 -0.7258
vn -0.7389 0.4954 -0.4568
vn -0.7882 0.6109 -0.0747
vn -0.7902 0.5239 0.3179
vn -0.7445 0.2578 0.6159
vn -0.6631 -0.1162 0.7394
vn -0.8051 -0.4304 0.4081
vn -0.7501 -0.6199 0.2304
vn -0.7175 -0.6962 -0.0219
vn -0.7162 -0.6388 -0.2812
vn -0.7464 -0.4630 -0.4780
vn -0.8001 -0.2161 -0.5596
vn -0.8629 0.0360 -0.5041
vn -0.9179 0.2255 -0.3264
vn -0.9505 0.3017 -0.0741
vn -0.9519 0.2443 0.1852
vn -0.9216 0.0686 0.3820
vn -0.8679 -0.1784 0.4636
vn -0.9457 -0.3077 0.1046
vn -0.9265 -0.3740 0.0424
vn -0.9151 -0.4007 -0.0459
vn -0.9146 -0.3806 -0.1367
vn -0.9252 -0.3191 -0.2055
vn -0.9440 -0.2326 -0.2341
vn -0.9659 -0.1444 -0.2147
vn -0.9852 -0.0781 -0.1525
vn -0.9966 -0.0514 -0.0642
vn -0.9971 -0.0715 0.0266
vn -0.9865 -0.1330 0.0955
vn -0.9677 -0.2194 0.1240
vn 0.9733 0.0899 0.2113
vn 0.9878 0.0177 0.1546
vn 0.9975 -0.0167 0.0688
vn 0.9997 -0.0039 -0.0232
vn 0.9939 0.0526 -0.0968
vn 0.9816 0.1377 -0.1322
vn 0.9661 0.2285 -0.1200
vn 0.9516 0.3008 -0.0633
vn 0.9419 0.3351 0.0225
vn 0.9397 0.3223 0.1145
vn 0.9455 0.2658 0.1881
vn 0.9578 0.1808 0.2235
vn 0.8563 -0.0591 0.5130
vn 0.8979 -0.2655 0.3512
vn 0.9255 -0.3636 0.1060
vn 0.9319 -0.3270 -0.1570
vn 0.9153 -0.1656 -0.3672
vn 0.8801 0.0774 -0.4684
vn 0.8359 0.3369 -0.4334
vn 0.7943 0.5434 -0.2716
vn 0.7667 0.6415 -0.0263
vn 0.7603 0.6049 0.2367
vn 0.7769 0.4435 0.4469
vn 0.8121 0.2004 0.5480
vn 0.6362 -0.1979 0.7457
vn 0.6990 -0.5105 0.5007
vn 0.7409 -0.6590 0.1294
vn 0.7506 -0.6037 -0.2688
vn 0.7254 -0.3592 -0.5872
vn 0.6722 0.0088 -0.7403
vn 0.6052 0.4017 -0.6873
vn 0.5423 0.7143 -0.4423
vn 0.5004 0.8629 -0.0709
vn 0.4908 0.8075 0.3273
vn 0.5159 0.5630 0.6456
vn 0.5692 0.1950 0.7988
vn 0.3458 -0.3104 0.8855
vn 0.4221 -0.6900 0.5880
vn 0.4729 -0.8704 0.1370
vn 0.4847 -0.8031 -0.3465
vn 0.4541 -0.5063 -0.7331
vn 0.3895 -0.0594 -0.9191
vn 0.3081 0.4178 -0.8547
vn 0.2318 0.7974 -0.5572
vn 0.1809 0.9777 -0.1062
vn 0.1692 0.9105 0.3773
vn 0.1998 0.6137 0.7639
vn 0.2644 0.1668 0.9499
vn 0.0200 -0.3859 0.9223
vn 0.1009 -0.7883 0.6069
vn 0.1548 -0.9795 0.1289
vn 0.1672 -0.9082 -0.3837
vn 0.1348 -0.5936 -0.7934
vn 0.0663 -0.1199 -0.9906
vn -0.0200 0.3859 -0.9223
vn -0.1009 0.7883 -0.6069
vn -0.1548 0.9795 -0.1289
vn -0.1672 0.9082 0.3837
vn -0.1348 0.5936 0.7934
vn -0.0663 0.1199 0.9906
vn -0.3081 -0.4178 0.8547
vn -0.2318 -0.7974 0.5572
vn -0.1809 -0.9777 0.1062
vn -0.1692 -0.9105 -0.3773
vn -0.1998 -0.6137 -0.7639
vn -0.2644 -0.1668 -0.9499
vn -0.3458 0.3104 -0.8855
vn -0.4221 0.6900 -0.5880
vn -0.4729 0.8704 -0.1370
vn -0.4847 0.8031 0.3465
vn -0.4541 0.5063 0.7331
vn -0.3895 0.0594 0.9191
vn -0.6052 -0.4017 0.6873
vn -0.5423 -0.7143 0.4423
vn -0.5004 -0.8629 0.0709
vn -0.4908 -0.8075 -0.3273
vn -0.5159 -0.5630 -0.6456
vn -0.5692 -0.1950 -0.7988
vn -0.6362 0.1979 -0.7457
vn -0.6990 0.5105 -0.5007
vn -0.7409 0.6590 -0.1294
vn -0.7506 0.6037 0.2688
vn -0.7254 0.3592 0.5872
vn -0.6722 -0.0088 0.7403
vn -0.8359 -0.3369 0.4334
vn -0.7943 -0.5434 0.2716
vn -0.7667 -0.6415 0.0263
vn -0.7603 -0.6049 -0.2367
vn -0.7769 -0.4435 -0.4469
vn -0.8121 -0.2004 -0.5480
vn -0.8563 0.0591 -0.5130
vn -0.8979 0.2655 -0.3512
vn -0.9255 0.3636 -0.1060
vn -0.9319 0.3270 0.1570
vn -0.9153 0.1656 0.3672
vn -0.8801 -0.0774 0.4684
vn -0.9661 -0.2285 0.1200
vn -0.9516 -0.3008 0.0633
vn -0.9419 -0.3351 -0.0225
vn -0.9397 -0.3223 -0.1145
vn -0.9455 -0.2658 -0.1881
vn -0.9578 -0.1808 -0.2235
vn -0.9733 -0.0899 -0.2113
vn -0.9878 -0.0177 -0.1546
vn -0.9975 0.0167 -0.0688
vn -0.9997 0.0039 0.0232
vn -0.9939 -0.0526 0.0968
vn -0.9816 -0.1377 0.1322
vn 0.9857 0.1619 0.0464
vn -0.9857 -0.1619 -0.0464
vn -0.0562 -0.0831 0.9950
vn -0.0151 -0.1159 0.9931
vn 0.0359 -0.1237 0.9917
vn 0.0830 -0.1043 0.9911
vn 0.1137 -0.0629 0.9915
vn 0.1198 -0.0106 0.9927
vn 0.0996 0.0387 0.9943
vn 0.0584 0.0716 0.9957
vn 0.0075 0.0793 0.9968
vn -0.0397 0.0599 0.9974
vn -0.0704 0.0185 0.9973
vn -0.0765 -0.0338 0.9965
vn -0.2230 -0.2116 0.9516
vn -0.0942 -0.3140 0.9447
vn 0.0649 -0.3377 0.9390
vn 0.2120 -0.2772 0.9371
vn 0.3083 -0.1483 0.9397
vn 0.3278 0.0152 0.9446
vn 0.2644 0.1692 0.9494
vn 0.1355 0.2717 0.9528
vn -0.0237 0.2955 0.9551
vn -0.1707 0.2349 0.9569
vn -0.2670 0.1059 0.9579
vn -0.2864 -0.0576 0.9564
vn -0.4212 -0.3617 0.8317
vn -0.1882 -0.5440 0.8177
vn 0.0970 -0.5843 0.8058
vn 0.3599 -0.4760 0.8024
vn 0.5342 -0.2465 0.8086
vn 0.5715 0.0471 0.8192
vn 0.4573 0.3247 0.8279
vn 0.2241 0.5072 0.8322
vn -0.0613 0.5476 0.8345
vn -0.3241 0.4394 0.8378
vn -0.4983 0.2097 0.8413
vn -0.5353 -0.0842 0.8404
vn -0.6501 -0.5292 0.5453
vn -0.2966 -0.7981 0.5244
vn 0.1291 -0.8523 0.5070
vn 0.5194 -0.6915 0.5020
vn 0.7838 -0.3532 0.5108
vn 0.8458 0.0868 0.5265
vn 0.6737 0.5050 0.5395
vn 0.3200 0.7743 0.5460
vn -0.1060 0.8287 0.5496
vn -0.4964 0.6679 0.5545
vn -0.7605 0.3293 0.5596
vn -0.8221 -0.1110 0.5584
vn -0.7880 -0.6157 0.0034
vn -0.3650 -0.9309 -0.0128
vn 0.1385 -0.9900 -0.0251
vn 0.5983 -0.8007 -0.0309
vn 0.9143 -0.4040 -0.0289
vn 0.9929 0.1178 -0.0190
vn 0.7880 0.6157 -0.0034
vn 0.3650 0.9309 0.0128
vn -0.1385 0.9900 0.0251
vn -0.5983 0.8007 0.0309
vn -0.9143 0.4040 0.0289
vn -0.9929 -0.1178 0.0190
vn -0.6737 -0.5050 -0.5395
vn -0.3200 -0.7743 -0.5460
vn 0.1060 -0.8287 -0.5496
vn 0.4964 -0.6679 -0.5545
vn 0.7605 -0.3293 -0.5596
vn 0.8221 0.1110 -0.5584
vn 0.6501 0.5292 -0.5453
vn 0.2966 0.7981 -0.5244
vn -0.1291 0.8523 -0.5070
vn -0.5194 0.6915 -0.5020
vn -0.7838 0.3532 -0.5108
vn -0.8458 -0.0868 -0.5265
vn 0.7227 0.5794 -0.3769
vn 0.3378 0.8870 -0.3149
vn -0.1384 0.9489 -0.2837
vn -0.5730 0.7645 -0.2952
vn -0.8566 0.3833 -0.3455
vn -0.9045 -0.0965 -0.4154
vn -0.7010 -0.5287 -0.4787
vn -0.3256 -0.7907 -0.5184
vn 0.1079 -0.8394 -0.5327
vn 0.5078 -0.6829 -0.5252
vn 0.7963 -0.3459 -0.4963
vn 0.8882 0.1160 -0.4447
vn -0.2644 -0.1692 -0.9494
vn -0.1355 -0.2717 -0.9528
vn 0.0237 -0.2955 -0.9551
vn 0.1707 -0.2349 -0.9569
vn 0.2670 -0.1059 -0.9579
vn 0.2864 0.0576 -0.9564
vn 0.2230 0.2116 -0.9516
vn 0.0942 0.3140 -0.9447
vn -0.0649 0.3377 -0.9390
vn -0.2120 0.2772 -0.9371
vn -0.3083 0.1483 -0.9397
vn -0.3278 -0.0152 -0.9446
vn -0.0996 -0.0387 -0.9943
vn -0.0584 -0.0716 -0.9957
vn -0.0075 -0.0793 -0.9968
vn 0.0397 -0.0599 -0.9974
vn 0.0704 -0.0185 -0.9973
vn 0.0765 0.0338 -0.9965
vn 0.0562 0.0831 -0.9950
vn 0.0151 0.1159 -0.9931
vn -0.0359 0.1237 -0.9917
vn -0.0830 0.1043 -0.9911
vn -0.1137 0.0629 -0.9915
vn -0.1198 0.0106 -0.9927
vn 0.9915 0.1286 -0.0187
vn 0.9227 -0.3844 -0.0287
vn 0.6067 -0.7943 -0.0309
vn 0.1281 -0.9915 -0.0249
vn -0.3848 -0.9229 -0.0122
vn -0.7947 -0.6071 0.0038
vn -0.9915 -0.1286 0.0187
vn -0.9227 0.3844 0.0287
vn -0.6067 0.7943 0.0309
vn -0.1281 0.9915 0.0249
vn 0.3848 0.9229 0.0122
vn 0.7947 0.6071 -0.0038
vn -0.0218 0.0223 -0.9995
vn 0.0218 -0.0223 0.9995
vn -0.0306 -0.0564 0.9979
vn 0.0219 -0.0608 0.9979
vn 0.0686 -0.0389 0.9969
vn 0.0970 0.0034 0.9953
vn 0.0994 0.0549 0.9935
vn 0.0753 0.1017 0.9920
vn 0.0311 0.1313 0.9909
vn -0.0214 0.1358 0.9905
vn -0.0681 0.1139 0.9912
vn -0.0964 0.0715 0.9928
vn -0.0989 0.0200 0.9949
vn -0.0748 -0.0268 0.9968
vn -0.0962 -0.2578 0.9614
vn 0.0679 -0.2713 0.9601
vn 0.2134 -0.2025 0.9557
vn 0.3019 -0.0705 0.9507
vn 0.3101 0.0902 0.9464
vn 0.2352 0.2369 0.9427
vn 0.0967 0.3295 0.9392
vn -0.0674 0.3428 0.9370
vn -0.2129 0.2739 0.9379
vn -0.3014 0.1419 0.9429
vn -0.3096 -0.0187 0.9507
vn -0.2347 -0.1652 0.9579
vn -0.1737 -0.4979 0.8496
vn 0.1217 -0.5200 0.8455
vn 0.3812 -0.3949 0.8359
vn 0.5394 -0.1589 0.8269
vn 0.5563 0.1288 0.8209
vn 0.4236 0.3936 0.8159
vn 0.1741 0.5605 0.8097
vn -0.1212 0.5821 0.8040
vn -0.3808 0.4568 0.8040
vn -0.5390 0.2207 0.8129
vn -0.5559 -0.0666 0.8286
vn -0.4232 -0.3310 0.8434
vn -0.2619 -0.7770 0.5724
vn 0.1818 -0.8040 0.5661
vn 0.5659 -0.6125 0.5519
vn 0.8008 -0.2619 0.5386
vn 0.8319 0.1663 0.5294
vn 0.6381 0.5664 0.5215
vn 0.2622 0.8179 0.5122
vn -0.1815 0.8444 0.5041
vn -0.5657 0.6523 0.5045
vn -0.8006 0.3017 0.5178
vn -0.8317 -0.1260 0.5408
vn -0.6379 -0.5255 0.5630
vn -0.3120 -0.9494 0.0359
vn 0.2151 -0.9759 0.0367
vn 0.6665 -0.7450 0.0279
vn 0.9432 -0.3320 0.0123
vn 0.9849 0.1731 -0.0068
vn 0.7596 0.6500 -0.0247
vn 0.3120 0.9494 -0.0359
vn -0.2151 0.9759 -0.0367
vn -0.6665 0.7450 -0.0279
vn -0.9432 0.3320 -0.0123
vn -0.9849 -0.1731 0.0068
vn -0.7596 -0.6500 0.0247
vn -0.2622 -0.8179 -0.5122
vn 0.1815 -0.8444 -0.5041
vn 0.5657 -0.6523 -0.5045
vn 0.8006 -0.3017 -0.5178
vn 0.8317 0.1260 -0.5408
vn 0.6379 0.5255 -0.5630
vn 0.2619 0.7770 -0.5724
vn -0.1818 0.8040 -0.5661
vn -0.5659 0.6125 -0.5519
vn -0.8008 0.2619 -0.5386
vn -0.8319 -0.1663 -0.5294
vn -0.6381 -0.5664 -0.5215
vn 0.2893 0.8665 -0.4069
vn -0.2034 0.9099 -0.3616
vn -0.6343 0.6972 -0.3340
vn -0.8922 0.3018 -0.3360
vn -0.9141 -0.1746 -0.3659
vn -0.6849 -0.6023 -0.4101
vn -0.2735 -0.8500 -0.4501
vn 0.1852 -0.8599 -0.4756
vn 0.5726 -0.6594 -0.4871
vn 0.8174 -0.3066 -0.4877
vn 0.8687 0.1349 -0.4767
vn 0.6865 0.5714 -0.4497
vn -0.0967 -0.3295 -0.9392
vn 0.0674 -0.3428 -0.9370
vn 0.2129 -0.2739 -0.9379
vn 0.3014 -0.1419 -0.9429
vn 0.3096 0.0187 -0.9507
vn 0.2347 0.1652 -0.9579
vn 0.0962 0.2578 -0.9614
vn -0.0679 0.2713 -0.9601
vn -0.2134 0.2025 -0.9557
vn -0.3019 0.0705 -0.9507
vn -0.3101 -0.0902 -0.9464
vn -0.2352 -0.2369 -0.9427
vn -0.0311 -0.1313 -0.9909
vn 0.0214 -0.1358 -0.9905
vn 0.0681 -0.1139 -0.9912
vn 0.0965 -0.0715 -0.9928
vn 0.0989 -0.0200 -0.9949
vn 0.0748 0.0268 -0.9968
vn 0.0306 0.0564 -0.9979
vn -0.0219 0.0608 -0.9979
vn -0.0686 0.0389 -0.9969
vn -0.0970 -0.0034 -0.9953
vn -0.0994 -0.0549 -0.9935
vn -0.0753 -0.1017 -0.9920
vn 0.7524 0.6582 -0.0250
vn 0.9810 0.1940 -0.0076
vn 0.9466 -0.3221 0.0119
vn 0.6587 -0.7519 0.0282
vn 0.1942 -0.9803 0.0369
vn -0.3223 -0.9460 0.0357
vn -0.7524 -0.6582 0.0250
vn -0.9810 -0.1940 0.0076
vn -0.9466 0.3221 -0.0119
vn -0.6587 0.7519 -0.0282
vn -0.1942 0.9803 -0.0369
vn 0.3223 0.9460 -0.0357
vn -0.0003 -0.0377 -0.9993
vn 0.0003 0.0377 0.9993
vn -0.0185 -0.0936 0.9954
vn 0.0325 -0.0803 0.9962
vn 0.0692 -0.0440 0.9966
vn 0.0818 0.0054 0.9966
vn 0.0669 0.0548 0.9963
vn 0.0286 0.0909 0.9955
vn -0.0230 0.1040 0.9943
vn -0.0739 0.0907 0.9931
vn -0.1106 0.0545 0.9924
vn -0.1232 0.0050 0.9924
vn -0.1084 -0.0443 0.9931
vn -0.0700 -0.0804 0.9943
vn -0.0127 -0.3042 0.9525
vn 0.1465 -0.2621 0.9539
vn 0.2607 -0.1486 0.9539
vn 0.3000 0.0055 0.9539
vn 0.2541 0.1598 0.9539
vn 0.1345 0.2730 0.9526
vn -0.0269 0.3142 0.9490
vn -0.1860 0.2720 0.9441
vn -0.3001 0.1586 0.9406
vn -0.3394 0.0044 0.9406
vn -0.2936 -0.1498 0.9441
vn -0.1741 -0.2631 0.9489
vn -0.0045 -0.5529 0.8332
vn 0.2812 -0.4749 0.8339
vn 0.4842 -0.2702 0.8322
vn 0.5544 0.0052 0.8322
vn 0.4743 0.2821 0.8339
vn 0.2608 0.4874 0.8333
vn -0.0300 0.5616 0.8269
vn -0.3156 0.4836 0.8164
vn -0.5183 0.2789 0.8084
vn -0.5886 0.0034 0.8084
vn -0.5087 -0.2735 0.8164
vn -0.2954 -0.4787 0.8268
vn 0.0079 -0.8369 0.5474
vn 0.4352 -0.7140 0.5484
vn 0.7334 -0.4049 0.5461
vn 0.8377 0.0042 0.5461
vn 0.7240 0.4183 0.5485
vn 0.4078 0.7308 0.5475
vn -0.0305 0.8426 0.5377
vn -0.4575 0.7197 0.5223
vn -0.7554 0.4105 0.5108
vn -0.8597 0.0014 0.5107
vn -0.7463 -0.4127 0.5222
vn -0.4304 -0.7251 0.5376
vn 0.0229 -0.9997 0.0057
vn 0.5285 -0.8488 0.0155
vn 0.8769 -0.4803 0.0208
vn 0.9998 0.0016 0.0208
vn 0.8705 0.4920 0.0155
vn 0.4989 0.8666 0.0058
vn -0.0229 0.9997 -0.0057
vn -0.5285 0.8488 -0.0155
vn -0.8769 0.4803 -0.0208
vn -0.9998 -0.0016 -0.0208
vn -0.8705 -0.4920 -0.0155
vn -0.4989 -0.8666 -0.0058
vn 0.0305 -0.8426 -0.5377
vn 0.4575 -0.7197 -0.5223
vn 0.7554 -0.4105 -0.5108
vn 0.8597 -0.0014 -0.5107
vn 0.7463 0.4127 -0.5222
vn 0.4304 0.7251 -0.5376
vn -0.0079 0.8369 -0.5474
vn -0.4352 0.7140 -0.5484
vn -0.7334 0.4049 -0.5461
vn -0.8377 -0.0042 -0.5461
vn -0.7240 -0.4183 -0.5485
vn -0.4078 -0.7308 -0.5475
vn -0.0134 0.9253 -0.3791
vn -0.4926 0.8004 -0.3417
vn -0.8279 0.4554 -0.3274
vn -0.9389 -0.0032 -0.3442
vn -0.8001 -0.4585 -0.3868
vn -0.4408 -0.7836 -0.4379
vn 0.0301 -0.8785 -0.4768
vn 0.4659 -0.7340 -0.4942
vn 0.7642 -0.4154 -0.4934
vn 0.8770 -0.0012 -0.4805
vn 0.7777 0.4315 -0.4572
vn 0.4599 0.7811 -0.4223
vn 0.0269 -0.3142 -0.9490
vn 0.1860 -0.2720 -0.9441
vn 0.3001 -0.1586 -0.9406
vn 0.3394 -0.0044 -0.9406
vn 0.2936 0.1498 -0.9441
vn 0.1741 0.2631 -0.9489
vn 0.0127 0.3042 -0.9525
vn -0.1465 0.2621 -0.9539
vn -0.2607 0.1486 -0.9539
vn -0.3000 -0.0055 -0.9539
vn -0.2541 -0.1598 -0.9539
vn -0.1345 -0.2730 -0.9526
vn 0.0230 -0.1040 -0.9943
vn 0.0739 -0.0907 -0.9931
vn 0.1106 -0.0545 -0.9924
vn 0.1232 -0.0050 -0.9924
vn 0.1084 0.0443 -0.9931
vn 0.0700 0.0804 -0.9943
vn 0.0185 0.0936 -0.9954
vn -0.0325 0.0803 -0.9962
vn -0.0692 0.0440 -0.9966
vn -0.0818 -0.0054 -0.9966
vn -0.0669 -0.0548 -0.9963
vn -0.0286 -0.0909 -0.9955
vn 0.4895 0.8720 0.0056
vn 0.8598 0.5105 0.0152
vn 0.9997 0.0121 0.0208
vn 0.8718 -0.4895 0.0207
vn 0.5103 -0.8599 0.0151
vn 0.0120 -0.9999 0.0055
vn -0.4895 -0.8720 -0.0056
vn -0.8598 -0.5105 -0.0152
vn -0.9997 -0.0121 -0.0208
vn -0.8718 0.4895 -0.0207
vn -0.5103 0.8599 -0.0151
vn -0.0120 0.9999 -0.0055
vn 0.0208 -0.0052 -0.9998
vn -0.0208 0.0052 0.9998
vn 0.0552 -0.0873 0.9947
vn 0.0961 -0.0540 0.9939
vn 0.1146 -0.0059 0.9934
vn 0.1056 0.0443 0.9934
vn 0.0717 0.0831 0.9940
vn 0.0218 0.1002 0.9947
vn -0.0306 0.0908 0.9954
vn -0.0715 0.0576 0.9958
vn -0.0899 0.0095 0.9959
vn -0.0810 -0.0407 0.9959
vn -0.0470 -0.0796 0.9957
vn 0.0028 -0.0966 0.9953
vn 0.1460 -0.2769 0.9497
vn 0.2736 -0.1727 0.9462
vn 0.3306 -0.0222 0.9435
vn 0.3027 0.1343 0.9436
vn 0.1972 0.2558 0.9464
vn 0.0415 0.3096 0.9500
vn -0.1225 0.2803 0.9521
vn -0.2501 0.1761 0.9521
vn -0.3071 0.0257 0.9513
vn -0.2792 -0.1309 0.9513
vn -0.1737 -0.2524 0.9519
vn -0.0180 -0.3062 0.9518
vn 0.2522 -0.5007 0.8281
vn 0.4801 -0.3116 0.8200
vn 0.5801 -0.0413 0.8135
vn 0.5303 0.2386 0.8136
vn 0.3430 0.4576 0.8203
vn 0.0639 0.5563 0.8285
vn -0.2317 0.5036 0.8323
vn -0.4597 0.3145 0.8305
vn -0.5598 0.0443 0.8274
vn -0.5100 -0.2356 0.8273
vn -0.3226 -0.4546 0.8302
vn -0.0433 -0.5533 0.8318
vn 0.3713 -0.7557 0.5395
vn 0.7094 -0.4673 0.5276
vn 0.8530 -0.0626 0.5181
vn 0.7789 0.3530 0.5183
vn 0.5044 0.6832 0.5280
vn 0.0875 0.8370 0.5401
vn -0.3579 0.7577 0.5458
vn -0.6962 0.4692 0.5433
vn -0.8399 0.0645 0.5389
vn -0.7659 -0.3511 0.5387
vn -0.4912 -0.6812 0.5428
vn -0.0741 -0.8351 0.5451
vn 0.4341 -0.9009 -0.0038
vn 0.8322 -0.5544 -0.0093
vn 0.9971 -0.0749 -0.0122
vn 0.9099 0.4147 -0.0120
vn 0.5894 0.8078 -0.0087
vn 0.0962 0.9954 -0.0030
vn -0.4341 0.9009 0.0038
vn -0.8322 0.5544 0.0093
vn -0.9971 0.0749 0.0122
vn -0.9099 -0.4147 0.0120
vn -0.5894 -0.8078 0.0087
vn -0.0962 -0.9954 0.0030
vn 0.3579 -0.7577 -0.5458
vn 0.6962 -0.4692 -0.5433
vn 0.8399 -0.0645 -0.5389
vn 0.7659 0.3511 -0.5387
vn 0.4912 0.6812 -0.5428
vn 0.0741 0.8351 -0.5451
vn -0.3713 0.7557 -0.5395
vn -0.7094 0.4673 -0.5276
vn -0.8530 0.0626 -0.5181
vn -0.7789 -0.3530 -0.5183
vn -0.5044 -0.6832 -0.5280
vn -0.0875 -0.8370 -0.5401
vn -0.4072 0.8349 -0.3704
vn -0.7904 0.5233 -0.3183
vn -0.9525 0.0707 -0.2961
vn -0.8646 -0.3929 -0.3133
vn -0.5516 -0.7503 -0.3643
vn -0.0921 -0.8981 -0.4300
vn 0.3744 -0.7902 -0.4852
vn 0.7107 -0.4786 -0.5156
vn 0.8505 -0.0653 -0.5219
vn 0.7825 0.3586 -0.5090
vn 0.5141 0.7117 -0.4787
vn 0.0816 0.8990 -0.4304
vn 0.1225 -0.2803 -0.9521
vn 0.2501 -0.1761 -0.9521
vn 0.3071 -0.0257 -0.9513
vn 0.2792 0.1309 -0.9513
vn 0.1737 0.2524 -0.9519
vn 0.0180 0.3062 -0.9518
vn -0.1460 0.2769 -0.9497
vn -0.2736 0.1727 -0.9462
vn -0.3306 0.0222 -0.9435
vn -0.3027 -0.1343 -0.9436
vn -0.1972 -0.2558 -0.9464
vn -0.0415 -0.3096 -0.9500
vn 0.0306 -0.0908 -0.9954
vn 0.0715 -0.0576 -0.9958
vn 0.0899 -0.0095 -0.9959
vn 0.0810 0.0407 -0.9959
vn 0.0470 0.0796 -0.9957
vn -0.0028 0.0966 -0.9953
vn -0.0552 0.0873 -0.9947
vn -0.0961 0.0540 -0.9939
vn -0.1146 0.0059 -0.9934
vn -0.1056 -0.0443 -0.9934
vn -0.0717 -0.0831 -0.9940
vn -0.0218 -0.1002 -0.9947
vn 0.0853 0.9963 -0.0028
vn 0.5720 0.8202 -0.0086
vn 0.9055 0.4243 -0.0120
vn 0.9963 -0.0854 -0.0122
vn 0.8201 -0.5721 -0.0091
vn 0.4242 -0.9055 -0.0036
vn -0.0853 -0.9963 0.0028
vn -0.5720 -0.8202 0.0086
vn -0.9055 -0.4243 0.0120
vn -0.9963 0.0854 0.0122
vn -0.8201 0.5721 0.0091
vn -0.4242 0.9055 0.0036
vn -0.0124 -0.0018 -0.9999
vn 0.0124 0.0018 0.9999
vn 0.0802 -0.0607 0.9949
vn 0.1020 -0.0127 0.9947
vn 0.0970 0.0386 0.9945
vn 0.0667 0.0796 0.9946
vn 0.0190 0.0992 0.9949
vn -0.0332 0.0923 0.9952
vn -0.0760 0.0606 0.9953
vn -0.0978 0.0126 0.9951
vn -0.0929 -0.0387 0.9949
vn -0.0625 -0.0797 0.9949
vn -0.0148 -0.0993 0.9949
vn 0.0374 -0.0924 0.9950
vn 0.2463 -0.1897 0.9504
vn 0.3141 -0.0396 0.9486
vn 0.2982 0.1206 0.9469
vn 0.2034 0.2483 0.9471
vn 0.0548 0.3101 0.9491
vn -0.1085 0.2888 0.9512
vn -0.2423 0.1896 0.9515
vn -0.3101 0.0395 0.9499
vn -0.2942 -0.1207 0.9481
vn -0.1995 -0.2484 0.9479
vn -0.0508 -0.3102 0.9493
vn 0.1125 -0.2889 0.9507
vn 0.4421 -0.3418 0.8293
vn 0.5619 -0.0710 0.8242
vn 0.5311 0.2156 0.8194
vn 0.3618 0.4439 0.8198
vn 0.0965 0.5566 0.8252
vn -0.1974 0.5206 0.8307
vn -0.4386 0.3417 0.8312
vn -0.5584 0.0709 0.8265
vn -0.5277 -0.2156 0.8216
vn -0.3584 -0.4440 0.8212
vn -0.0931 -0.5567 0.8255
vn 0.2009 -0.5206 0.8298
vn 0.6647 -0.5150 0.5413
vn 0.8390 -0.1061 0.5337
vn 0.7873 0.3202 0.5269
vn 0.5358 0.6593 0.5275
vn 0.1429 0.8325 0.5352
vn -0.2990 0.7845 0.5433
vn -0.6624 0.5150 0.5441
vn -0.8367 0.1061 0.5372
vn -0.7851 -0.3202 0.5302
vn -0.5336 -0.6594 0.5296
vn -0.1407 -0.8326 0.5357
vn 0.3012 -0.7845 0.5420
vn 0.7900 -0.6132 -0.0017
vn 0.9921 -0.1256 -0.0021
vn 0.9261 0.3772 -0.0019
vn 0.6299 0.7767 -0.0013
vn 0.1679 0.9858 -0.0003
vn -0.3573 0.9340 0.0008
vn -0.7900 0.6132 0.0017
vn -0.9921 0.1256 0.0021
vn -0.9261 -0.3772 0.0019
vn -0.6299 -0.7767 0.0013
vn -0.1679 -0.9858 0.0003
vn 0.3573 -0.9340 -0.0008
vn 0.6624 -0.5150 -0.5441
vn 0.8367 -0.1061 -0.5372
vn 0.7851 0.3202 -0.5302
vn 0.5336 0.6594 -0.5296
vn 0.1407 0.8326 -0.5357
vn -0.3012 0.7845 -0.5420
vn -0.6647 0.5150 -0.5413
vn -0.8390 0.1061 -0.5337
vn -0.7873 -0.3202 -0.5269
vn -0.5358 -0.6593 -0.5275
vn -0.1429 -0.8325 -0.5352
vn 0.2990 -0.7845 -0.5433
vn -0.7334 0.5687 -0.3723
vn -0.9382 0.1187 -0.3252
vn -0.8818 -0.3589 -0.3059
vn -0.5965 -0.7346 -0.3234
vn -0.1566 -0.9148 -0.3722
vn 0.3212 -0.8420 -0.4334
vn 0.6912 -0.5372 -0.4834
vn 0.8537 -0.1082 -0.5094
vn 0.7948 0.3242 -0.5130
vn 0.5450 0.6732 -0.4998
vn 0.1471 0.8696 -0.4713
vn -0.3239 0.8443 -0.4270
vn 0.2423 -0.1896 -0.9515
vn 0.3101 -0.0395 -0.9499
vn 0.2942 0.1207 -0.9481
vn 0.1995 0.2484 -0.9479
vn 0.0508 0.3102 -0.9493
vn -0.1125 0.2889 -0.9507
vn -0.2463 0.1897 -0.9504
vn -0.3141 0.0396 -0.9486
vn -0.2981 -0.1206 -0.9469
vn -0.2034 -0.2483 -0.9471
vn -0.0548 -0.3101 -0.9491
vn 0.1085 -0.2888 -0.9512
vn 0.0760 -0.0606 -0.9953
vn 0.0978 -0.0126 -0.9951
vn 0.0929 0.0387 -0.9949
vn 0.0625 0.0797 -0.9949
vn 0.0148 0.0993 -0.9949
vn -0.0374 0.0924 -0.9950
vn -0.0802 0.0607 -0.9949
vn -0.1020 0.0127 -0.9947
vn -0.0970 -0.0386 -0.9945
vn -0.0667 -0.0796 -0.9946
vn -0.0190 -0.0992 -0.9949
vn 0.0332 -0.0923 -0.9952
vn -0.3674 0.9300 0.0008
vn 0.1468 0.9892 -0.0003
vn 0.6217 0.7832 -0.0013
vn 0.9300 0.3674 -0.0019
vn 0.9892 -0.1468 -0.0021
vn 0.7832 -0.6217 -0.0017
vn 0.3674 -0.9300 -0.0008
vn -0.1468 -0.9892 0.0003
vn -0.6217 -0.7832 0.0013
vn -0.9300 -0.3674 0.0019
vn -0.9892 0.1468 0.0021
vn -0.7832 0.6217 0.0017
vn -0.0021 0.0000 -1.0000
vn 0.0021 -0.0000 1.0000
f 1/1/1 2/1/1 3/1/1
f 2/1/1 1/1/1 4/1/1
f 5/1/2 6/1/2 7/1/2
f 7/1/2 8/1/2 5/1/2
f 6/1/3 2/1/3 4/1/3
f 4/1/3 7/1/3 6/1/3
f 8/1/4 3/1/4 5/1/4
f 3/1/4 8/1/4 1/1/4
f 5/1/5 2/1/5 6/1/5
f 2/1/5 5/1/5 3/1/5
f 7/1/6 4/1/6 1/1/6
f 1/1/6 8/1/6 7/1/6
f 9/1/7 10/1/7 11/1/7
f 10/1/7 9/1/7 12/1/7
f 13/1/8 14/1/8 15/1/8
f 15/1/8 16/1/8 13/1/8
f 14/1/9 10/1/9 12/1/9
f 12/1/9 15/1/9 14/1/9
f 16/1/10 11/1/10 13/1/10
f 11/1/10 16/1/10 9/1/10
f 13/1/11 10/1/11 14/1/11
f 10/1/11 13/1/11 11/1/11
f 15/1/12 12/1/12 9/1/12
f 9/1/12 16/1/12 15/1/12
f 17/1/13 18/1/13 19/1/13
f 20/1/14 21/1/14 22/1/14
f 19/1/15 20/1/15 22/1/15
f 23/1/16 21/1/16 18/1/16
f 23/1/17 24/1/17 22/1/17
f 24/1/17 23/1/17 17/1/17
f 20/1/6 19/1/6 18/1/6
f 18/1/6 21/1/6 20/1/6
f 19/1/18 24/1/18 17/1/18
f 22/1/19 24/1/19 19/1/19
f 18/1/20 17/1/20 23/1/20
f 21/1/21 23/1/21 22/1/21
f 25/1/22 26/1/22 27/1/22
f 28/1/23 29/1/23 30/1/23
f 27/1/24 28/1/24 30/1/24
f 31/1/25 29/1/25 26/1/25
f 31/1/26 32/1/26 30/1/26
f 32/1/26 31/1/26 25/1/26
f 28/1/27 27/1/27 26/1/27
f 26/1/27 29/1/27 28/1/27
f 27/1/28 32/1/28 25/1/28
f 30/1/29 32/1/29 27/1/29
f 26/1/30 25/1/30 31/1/30
f 29/1/31 31/1/31 30/1/31
f 33/6/1 34/6/1 35/6/1
f 34/6/1 33/6/1 36/6/1
f 37/6/2 38/6/2 39/6/2
f 39/6/2 40/6/2 37/6/2
f 38/6/3 34/6/3 36/6/3
f 36/6/3 39/6/3 38/6/3
f 40/6/4 35/6/4 37/6/4
f 35/6/4 40/6/4 33/6/4
f 37/6/5 34/6/5 38/6/5
f 34/6/5 37/6/5 35/6/5
f 39/6/6 36/6/6 33/6/6
f 33/6/6 40/6/6 39/6/6
f 41/7/32 42/7/32 43/7/32
f 42/7/32 41/7/32 44/7/32
f 45/7/33 46/7/33 47/7/33
f 47/7/33 48/7/33 45/7/33
f 44/7/34 47/7/34 42/7/34
f 48/7/35 41/7/35 43/7/35
f 45/7/36 42/7/36 46/7/36
f 42/7/36 45/7/36 43/7/36
f 47/7/37 44/7/37 41/7/37
f 41/7/37 48/7/37 47/7/37
f 47/7/38 46/7/38 42/7/38
f 43/7/39 45/7/39 48/7/39
f 49/9/40 50/9/40 51/9/40
f 50/9/40 49/9/40 52/9/40
f 53/9/41 54/9/41 55/9/41
f 55/9/41 56/9/41 53/9/41
f 52/9/42 55/9/42 50/9/42
f 56/9/43 49/9/43 51/9/43
f 53/9/44 50/9/44 54/9/44
f 50/9/44 53/9/44 51/9/44
f 55/9/45 52/9/45 49/9/45
f 49/9/45 56/9/45 55/9/45
f 55/9/46 54/9/46 50/9/46
f 51/9/47 53/9/47 56/9/47
f 57/4/48 58/4/48 59/4/48
f 58/4/48 57/4/48 60/4/48
f 61/4/49 62/4/49 63/4/49
f 63/4/49 64/4/49 61/4/49
f 60/4/50 63/4/50 58/4/50
f 64/4/51 57/4/51 59/4/51
f 61/4/52 58/4/52 62/4/52
f 58/4/52 61/4/52 59/4/52
f 63/4/53 60/4/53 57/4/53
f 57/4/53 64/4/53 63/4/53
f 63/4/54 62/4/54 58/4/54
f 59/4/55 61/4/55 64/4/55
f 65/8/56 66/8/56 67/8/56
f 66/8/56 65/8/56 68/8/56
f 69/8/57 70/8/57 71/8/57
f 71/8/57 72/8/57 69/8/57
f 68/8/58 71/8/58 66/8/58
f 72/8/59 65/8/59 67/8/59
f 69/8/60 66/8/60 70/8/60
f 66/8/60 69/8/60 67/8/60
f 71/8/61 68/8/61 65/8/61
f 65/8/61 72/8/61 71/8/61
f 71/8/62 70/8/62 66/8/62
f 67/8/63 69/8/63 72/8/63
f 73/2/64 74/2/64 75/2/64
f 74/2/64 73/2/64 76/2/64
f 77/2/65 78/2/65 79/2/65
f 79/2/65 80/2/65 77/2/65
f 76/2/66 79/2/66 74/2/66
f 80/2/67 73/2/67 75/2/67
f 77/2/68 74/2/68 78/2/68
f 74/2/68 77/2/68 75/2/68
f 79/2/69 76/2/69 73/2/69
f 73/2/69 80/2/69 79/2/69
f 79/2/70 78/2/70 74/2/70
f 75/2/71 77/2/71 80/2/71
f 81/3/72 82/3/72 83/3/72
f 82/3/72 81/3/72 84/3/72
f 85/3/73 86/3/73 87/3/73
f 87/3/73 88/3/73 85/3/73
f 84/3/74 87/3/74 82/3/74
f 88/3/75 81/3/75 83/3/75
f 85/3/76 82/3/76 86/3/76
f 82/3/76 85/3/76 83/3/76
f 87/3/77 84/3/77 81/3/77
f 81/3/77 88/3/77 87/3/77
f 87/3/78 86/3/78 82/3/78
f 83/3/79 85/3/79 88/3/79
f 89/10/80 90/10/80 91/10/80
f 90/10/80 89/10/80 92/10/80
f 93/10/81 94/10/81 95/10/81
f 95/10/81 96/10/81 93/10/81
f 92/10/82 95/10/82 90/10/82
f 96/10/83 89/10/83 91/10/83
f 93/10/84 90/10/84 94/10/84
f 90/10/84 93/10/84 91/10/84
f 95/10/85 92/10/85 89/10/85
f 89/10/85 96/10/85 95/10/85
f 95/10/86 94/10/86 90/10/86
f 91/10/87 93/10/87 96/10/87
f 97/5/88 98/5/88 99/5/88
f 98/5/89 100/5/89 99/5/89
f 100/5/90 101/5/90 99/5/90
f 101/5/91 102/5/91 99/5/91
f 102/5/92 103/5/92 99/5/92
f 103/5/93 104/5/93 99/5/93
f 104/5/94 105/5/94 99/5/94
f 105/5/95 106/5/95 99/5/95
f 106/5/96 107/5/96 99/5/96
f 107/5/97 108/5/97 99/5/97
f 108/5/98 109/5/98 99/5/98
f 109/5/99 97/5/99 99/5/99
f 110/5/100 97/5/100 111/5/100
f 97/5/100 110/5/100 98/5/100
f 112/5/101 98/5/101 110/5/101
f 98/5/101 112/5/101 100/5/101
f 113/5/102 100/5/102 112/5/102
f 100/5/102 113/5/102 101/5/102
f 114/5/103 101/5/103 113/5/103
f 101/5/103 114/5/103 102/5/103
f 115/5/104 102/5/104 114/5/104
f 102/5/104 115/5/104 103/5/104
f 116/5/105 103/5/105 115/5/105
f 103/5/105 116/5/105 104/5/105
f 117/5/106 104/5/106 116/5/106
f 104/5/106 117/5/106 105/5/106
f 118/5/107 105/5/107 117/5/107
f 105/5/107 118/5/107 106/5/107
f 119/5/108 106/5/108 118/5/108
f 106/5/108 119/5/108 107/5/108
f 120/5/109 107/5/109 119/5/109
f 107/5/109 120/5/109 108/5/109
f 121/5/110 108/5/110 120/5/110
f 108/5/110 121/5/110 109/5/110
f 111/5/111 109/5/111 121/5/111
f 109/5/111 111/5/111 97/5/111
f 122/5/112 111/5/112 123/5/112
f 111/5/112 122/5/112 110/5/112
f 124/5/113 110/5/113 122/5/113
f 110/5/113 124/5/113 112/5/113
f 125/5/114 112/5/114 124/5/114
f 112/5/114 125/5/114 113/5/114
f 126/5/115 113/5/115 125/5/115
f 113/5/115 126/5/115 114/5/115
f 127/5/116 114/5/116 126/5/116
f 114/5/116 127/5/116 115/5/116
f 128/5/117 115/5/117 127/5/117
f 115/5/117 128/5/117 116/5/117
f 129/5/118 116/5/118 128/5/118
f 116/5/118 129/5/118 117/5/118
f 130/5/119 117/5/119 129/5/119
f 117/5/119 130/5/119 118/5/119
f 131/5/120 118/5/120 130/5/120
f 118/5/120 131/5/120 119/5/120
f 132/5/121 119/5/121 131/5/121
f 119/5/121 132/5/121 120/5/121
f 133/5/122 120/5/122 132/5/122
f 120/5/122 133/5/122 121/5/122
f 123/5/123 121/5/123 133/5/123
f 121/5/123 123/5/123 111/5/123
f 122/5/124 123/5/124 134/5/124
f 134/5/124 135/5/124 122/5/124
f 124/5/125 122/5/125 135/5/125
f 135/5/125 136/5/125 124/5/125
f 125/5/126 124/5/126 136/5/126
f 136/5/126 137/5/126 125/5/126
f 126/5/127 125/5/127 137/5/127
f 137/5/127 138/5/127 126/5/127
f 139/5/128 126/5/128 138/5/128
f 126/5/128 139/5/128 127/5/128
f 140/5/129 127/5/129 139/5/129
f 127/5/129 140/5/129 128/5/129
f 141/5/130 128/5/130 140/5/130
f 128/5/130 141/5/130 129/5/130
f 142/5/131 129/5/131 141/5/131
f 129/5/131 142/5/131 130/5/131
f 143/5/132 130/5/132 142/5/132
f 130/5/132 143/5/132 131/5/132
f 144/5/133 131/5/133 143/5/133
f 131/5/133 144/5/133 132/5/133
f 133/5/134 132/5/134 144/5/134
f 144/5/134 145/5/134 133/5/134
f 123/5/135 133/5/135 145/5/135
f 145/5/135 134/5/135 123/5/135
f 135/5/136 134/5/136 146/5/136
f 146/5/136 147/5/136 135/5/136
f 136/5/137 135/5/137 147/5/137
f 147/5/137 148/5/137 136/5/137
f 137/5/138 136/5/138 148/5/138
f 148/5/138 149/5/138 137/5/138
f 138/5/139 137/5/139 149/5/139
f 149/5/139 150/5/139 138/5/139
f 151/5/140 138/5/140 150/5/140
f 138/5/140 151/5/140 139/5/140
f 152/5/141 139/5/141 151/5/141
f 139/5/141 152/5/141 140/5/141
f 153/5/142 140/5/142 152/5/142
f 140/5/142 153/5/142 141/5/142
f 154/5/143 141/5/143 153/5/143
f 141/5/143 154/5/143 142/5/143
f 155/5/144 142/5/144 154/5/144
f 142/5/144 155/5/144 143/5/144
f 156/5/145 143/5/145 155/5/145
f 143/5/145 156/5/145 144/5/145
f 145/5/146 144/5/146 156/5/146
f 156/5/146 157/5/146 145/5/146
f 134/5/147 145/5/147 157/5/147
f 157/5/147 146/5/147 134/5/147
f 147/5/148 146/5/148 158/5/148
f 158/5/148 159/5/148 147/5/148
f 148/5/149 147/5/149 159/5/149
f 159/5/149 160/5/149 148/5/149
f 149/5/150 148/5/150 160/5/150
f 160/5/150 161/5/150 149/5/150
f 150/5/151 149/5/151 161/5/151
f 161/5/151 162/5/151 150/5/151
f 163/5/152 150/5/152 162/5/152
f 150/5/152 163/5/152 151/5/152
f 164/5/153 151/5/153 163/5/153
f 151/5/153 164/5/153 152/5/153
f 165/5/154 152/5/154 164/5/154
f 152/5/154 165/5/154 153/5/154
f 166/5/155 153/5/155 165/5/155
f 153/5/155 166/5/155 154/5/155
f 167/5/156 154/5/156 166/5/156
f 154/5/156 167/5/156 155/5/156
f 168/5/157 155/5/157 167/5/157
f 155/5/157 168/5/157 156/5/157
f 157/5/158 156/5/158 168/5/158
f 168/5/158 169/5/158 157/5/158
f 146/5/159 157/5/159 169/5/159
f 169/5/159 158/5/159 146/5/159
f 170/5/160 158/5/160 171/5/160
f 158/5/160 170/5/160 159/5/160
f 172/5/161 159/5/161 170/5/161
f 159/5/161 172/5/161 160/5/161
f 173/5/162 160/5/162 172/5/162
f 160/5/162 173/5/162 161/5/162
f 174/5/163 161/5/163 173/5/163
f 161/5/163 174/5/163 162/5/163
f 163/5/164 162/5/164 174/5/164
f 174/5/164 175/5/164 163/5/164
f 164/5/165 163/5/165 175/5/165
f 175/5/165 176/5/165 164/5/165
f 165/5/166 164/5/166 176/5/166
f 176/5/166 177/5/166 165/5/166
f 166/5/167 165/5/167 177/5/167
f 177/5/167 178/5/167 166/5/167
f 167/5/168 166/5/168 178/5/168
f 178/5/168 179/5/168 167/5/168
f 168/5/169 167/5/169 179/5/169
f 179/5/169 180/5/169 168/5/169
f 181/5/170 168/5/170 180/5/170
f 168/5/170 181/5/170 169/5/170
f 171/5/171 169/5/171 181/5/171
f 169/5/171 171/5/171 158/5/171
f 170/5/172 171/5/172 182/5/172
f 182/5/172 183/5/172 170/5/172
f 172/5/173 170/5/173 183/5/173
f 183/5/173 184/5/173 172/5/173
f 173/5/174 172/5/174 184/5/174
f 184/5/174 185/5/174 173/5/174
f 174/5/175 173/5/175 185/5/175
f 185/5/175 186/5/175 174/5/175
f 175/5/176 174/5/176 186/5/176
f 186/5/176 187/5/176 175/5/176
f 176/5/177 175/5/177 187/5/177
f 187/5/177 188/5/177 176/5/177
f 177/5/178 176/5/178 188/5/178
f 188/5/178 189/5/178 177/5/178
f 178/5/179 177/5/179 189/5/179
f 189/5/179 190/5/179 178/5/179
f 179/5/180 178/5/180 190/5/180
f 190/5/180 191/5/180 179/5/180
f 180/5/181 179/5/181 191/5/181
f 191/5/181 192/5/181 180/5/181
f 181/5/182 180/5/182 192/5/182
f 192/5/182 193/5/182 181/5/182
f 171/5/183 181/5/183 193/5/183
f 193/5/183 182/5/183 171/5/183
f 194/5/184 183/5/184 182/5/184
f 194/5/185 184/5/185 183/5/185
f 194/5/186 185/5/186 184/5/186
f 194/5/187 186/5/187 185/5/187
f 194/5/188 187/5/188 186/5/188
f 194/5/189 188/5/189 187/5/189
f 194/5/190 189/5/190 188/5/190
f 194/5/191 190/5/191 189/5/191
f 194/5/192 191/5/192 190/5/192
f 194/5/193 192/5/193 191/5/193
f 194/5/194 193/5/194 192/5/194
f 194/5/195 182/5/195 193/5/195
f 195/5/196 196/5/196 197/5/196
f 196/5/196 195/5/196 198/5/196
f 199/5/197 198/5/197 195/5/197
f 198/5/197 199/5/197 200/5/197
f 201/5/198 200/5/198 199/5/198
f 199/5/198 202/5/198 201/5/198
f 203/5/199 201/5/199 202/5/199
f 202/5/199 204/5/199 203/5/199
f 205/5/200 203/5/200 204/5/200
f 204/5/200 206/5/200 205/5/200
f 207/5/201 205/5/201 206/5/201
f 206/5/201 208/5/201 207/5/201
f 209/5/202 207/5/202 208/5/202
f 208/5/202 210/5/202 209/5/202
f 211/5/203 209/5/203 210/5/203
f 210/5/203 212/5/203 211/5/203
f 213/5/204 211/5/204 212/5/204
f 211/5/204 213/5/204 214/5/204
f 215/5/205 214/5/205 213/5/205
f 214/5/205 215/5/205 216/5/205
f 217/5/206 216/5/206 215/5/206
f 216/5/206 217/5/206 218/5/206
f 197/5/207 218/5/207 217/5/207
f 218/5/207 197/5/207 196/5/207
f 216/5/208 218/5/208 196/5/208
f 196/5/208 198/5/208 200/5/208
f 200/5/208 201/5/208 203/5/208
f 203/5/208 205/5/208 207/5/208
f 207/5/208 209/5/208 211/5/208
f 211/5/208 214/5/208 216/5/208
f 216/5/208 196/5/208 200/5/208
f 200/5/208 203/5/208 207/5/208
f 207/5/208 211/5/208 216/5/208
f 216/5/208 200/5/208 207/5/208
f 215/5/209 197/5/209 217/5/209
f 197/5/209 199/5/209 195/5/209
f 199/5/209 204/5/209 202/5/209
f 204/5/209 208/5/209 206/5/209
f 208/5/209 212/5/209 210/5/209
f 212/5/209 215/5/209 213/5/209
f 215/5/209 199/5/209 197/5/209
f 199/5/209 208/5/209 204/5/209
f 208/5/209 215/5/209 212/5/209
f 215/5/209 208/5/209 199/5/209
f 219/5/210 220/5/210 221/5/210
f 220/5/211 222/5/211 221/5/211
f 222/5/212 223/5/212 221/5/212
f 223/5/213 224/5/213 221/5/213
f 224/5/214 225/5/214 221/5/214
f 225/5/215 226/5/215 221/5/215
f 226/5/216 227/5/216 221/5/216
f 227/5/217 228/5/217 221/5/217
f 228/5/218 229/5/218 221/5/218
f 229/5/219 230/5/219 221/5/219
f 230/5/220 231/5/220 221/5/220
f 231/5/221 219/5/221 221/5/221
f 232/5/222 219/5/222 233/5/222
f 219/5/222 232/5/222 220/5/222
f 234/5/223 220/5/223 232/5/223
f 220/5/223 234/5/223 222/5/223
f 235/5/224 222/5/224 234/5/224
f 222/5/224 235/5/224 223/5/224
f 236/5/225 223/5/225 235/5/225
f 223/5/225 236/5/225 224/5/225
f 237/5/226 224/5/226 236/5/226
f 224/5/226 237/5/226 225/5/226
f 238/5/227 225/5/227 237/5/227
f 225/5/227 238/5/227 226/5/227
f 239/5/228 226/5/228 238/5/228
f 226/5/228 239/5/228 227/5/228
f 240/5/229 227/5/229 239/5/229
f 227/5/229 240/5/229 228/5/229
f 241/5/230 228/5/230 240/5/230
f 228/5/230 241/5/230 229/5/230
f 242/5/231 229/5/231 241/5/231
f 229/5/231 242/5/231 230/5/231
f 243/5/232 230/5/232 242/5/232
f 230/5/232 243/5/232 231/5/232
f 233/5/233 231/5/233 243/5/233
f 231/5/233 233/5/233 219/5/233
f 244/5/234 233/5/234 245/5/234
f 233/5/234 244/5/234 232/5/234
f 246/5/235 232/5/235 244/5/235
f 232/5/235 246/5/235 234/5/235
f 247/5/236 234/5/236 246/5/236
f 234/5/236 247/5/236 235/5/236
f 248/5/237 235/5/237 247/5/237
f 235/5/237 248/5/237 236/5/237
f 249/5/238 236/5/238 248/5/238
f 236/5/238 249/5/238 237/5/238
f 250/5/239 237/5/239 249/5/239
f 237/5/239 250/5/239 238/5/239
f 251/5/240 238/5/240 250/5/240
f 238/5/240 251/5/240 239/5/240
f 252/5/241 239/5/241 251/5/241
f 239/5/241 252/5/241 240/5/241
f 253/5/242 240/5/242 252/5/242
f 240/5/242 253/5/242 241/5/242
f 254/5/243 241/5/243 253/5/243
f 241/5/243 254/5/243 242/5/243
f 255/5/244 242/5/244 254/5/244
f 242/5/244 255/5/244 243/5/244
f 245/5/245 243/5/245 255/5/245
f 243/5/245 245/5/245 233/5/245
f 244/5/246 245/5/246 256/5/246
f 256/5/246 257/5/246 244/5/246
f 246/5/247 244/5/247 257/5/247
f 257/5/247 258/5/247 246/5/247
f 247/5/248 246/5/248 258/5/248
f 258/5/248 259/5/248 247/5/248
f 248/5/249 247/5/249 259/5/249
f 259/5/249 260/5/249 248/5/249
f 249/5/250 248/5/250 260/5/250
f 260/5/250 261/5/250 249/5/250
f 262/5/251 249/5/251 261/5/251
f 249/5/251 262/5/251 250/5/251
f 263/5/252 250/5/252 262/5/252
f 250/5/252 263/5/252 251/5/252
f 264/5/253 251/5/253 263/5/253
f 251/5/253 264/5/253 252/5/253
f 265/5/254 252/5/254 264/5/254
f 252/5/254 265/5/254 253/5/254
f 266/5/255 253/5/255 265/5/255
f 253/5/255 266/5/255 254/5/255
f 267/5/256 254/5/256 266/5/256
f 254/5/256 267/5/256 255/5/256
f 245/5/257 255/5/257 267/5/257
f 267/5/257 256/5/257 245/5/257
f 257/5/258 256/5/258 268/5/258
f 268/5/258 269/5/258 257/5/258
f 258/5/259 257/5/259 269/5/259
f 269/5/259 270/5/259 258/5/259
f 259/5/260 258/5/260 270/5/260
f 270/5/260 271/5/260 259/5/260
f 260/5/261 259/5/261 271/5/261
f 271/5/261 272/5/261 260/5/261
f 261/5/262 260/5/262 272/5/262
f 272/5/262 273/5/262 261/5/262
f 274/5/263 261/5/263 273/5/263
f 261/5/263 274/5/263 262/5/263
f 275/5/264 262/5/264 274/5/264
f 262/5/264 275/5/264 263/5/264
f 276/5/265 263/5/265 275/5/265
f 263/5/265 276/5/265 264/5/265
f 277/5/266 264/5/266 276/5/266
f 264/5/266 277/5/266 265/5/266
f 278/5/267 265/5/267 277/5/267
f 265/5/267 278/5/267 266/5/267
f 279/5/268 266/5/268 278/5/268
f 266/5/268 279/5/268 267/5/268
f 256/5/269 267/5/269 279/5/269
f 279/5/269 268/5/269 256/5/269
f 269/5/270 268/5/270 280/5/270
f 280/5/270 281/5/270 269/5/270
f 270/5/271 269/5/271 281/5/271
f 281/5/271 282/5/271 270/5/271
f 271/5/272 270/5/272 282/5/272
f 282/5/272 283/5/272 271/5/272
f 272/5/273 271/5/273 283/5/273
f 283/5/273 284/5/273 272/5/273
f 273/5/274 272/5/274 284/5/274
f 284/5/274 285/5/274 273/5/274
f 286/5/275 273/5/275 285/5/275
f 273/5/275 286/5/275 274/5/275
f 287/5/276 274/5/276 286/5/276
f 274/5/276 287/5/276 275/5/276
f 288/5/277 275/5/277 287/5/277
f 275/5/277 288/5/277 276/5/277
f 289/5/278 276/5/278 288/5/278
f 276/5/278 289/5/278 277/5/278
f 290/5/279 277/5/279 289/5/279
f 277/5/279 290/5/279 278/5/279
f 291/5/280 278/5/280 290/5/280
f 278/5/280 291/5/280 279/5/280
f 268/5/281 279/5/281 291/5/281
f 291/5/281 280/5/281 268/5/281
f 292/5/282 280/5/282 293/5/282
f 280/5/282 292/5/282 281/5/282
f 294/5/283 281/5/283 292/5/283
f 281/5/283 294/5/283 282/5/283
f 295/5/284 282/5/284 294/5/284
f 282/5/284 295/5/284 283/5/284
f 296/5/285 283/5/285 295/5/285
f 283/5/285 296/5/285 284/5/285
f 285/5/286 284/5/286 296/5/286
f 296/5/286 297/5/286 285/5/286
f 286/5/287 285/5/287 297/5/287
f 297/5/287 298/5/287 286/5/287
f 287/5/288 286/5/288 298/5/288
f 298/5/288 299/5/288 287/5/288
f 288/5/289 287/5/289 299/5/289
f 299/5/289 300/5/289 288/5/289
f 289/5/290 288/5/290 300/5/290
f 300/5/290 301/5/290 289/5/290
f 290/5/291 289/5/291 301/5/291
f 301/5/291 302/5/291 290/5/291
f 291/5/292 290/5/292 302/5/292
f 302/5/292 303/5/292 291/5/292
f 293/5/293 291/5/293 303/5/293
f 291/5/293 293/5/293 280/5/293
f 292/5/294 293/5/294 304/5/294
f 304/5/294 305/5/294 292/5/294
f 294/5/295 292/5/295 305/5/295
f 305/5/295 306/5/295 294/5/295
f 295/5/296 294/5/296 306/5/296
f 306/5/296 307/5/296 295/5/296
f 296/5/297 295/5/297 307/5/297
f 307/5/297 308/5/297 296/5/297
f 297/5/298 296/5/298 308/5/298
f 308/5/298 309/5/298 297/5/298
f 298/5/299 297/5/299 309/5/299
f 309/5/299 310/5/299 298/5/299
f 299/5/300 298/5/300 310/5/300
f 310/5/300 311/5/300 299/5/300
f 300/5/301 299/5/301 311/5/301
f 311/5/301 312/5/301 300/5/301
f 301/5/302 300/5/302 312/5/302
f 312/5/302 313/5/302 301/5/302
f 302/5/303 301/5/303 313/5/303
f 313/5/303 314/5/303 302/5/303
f 303/5/304 302/5/304 314/5/304
f 314/5/304 315/5/304 303/5/304
f 293/5/305 303/5/305 315/5/305
f 315/5/305 304/5/305 293/5/305
f 316/5/306 305/5/306 304/5/306
f 316/5/307 306/5/307 305/5/307
f 316/5/308 307/5/308 306/5/308
f 316/5/309 308/5/309 307/5/309
f 316/5/310 309/5/310 308/5/310
f 316/5/311 310/5/311 309/5/311
f 316/5/312 311/5/312 310/5/312
f 316/5/313 312/5/313 311/5/313
f 316/5/314 313/5/314 312/5/314
f 316/5/315 314/5/315 313/5/315
f 316/5/316 315/5/316 314/5/316
f 316/5/317 304/5/317 315/5/317
f 317/5/318 318/5/318 319/5/318
f 318/5/318 317/5/318 320/5/318
f 321/5/319 320/5/319 317/5/319
f 317/5/319 322/5/319 321/5/319
f 323/5/320 321/5/320 322/5/320
f 322/5/320 324/5/320 323/5/320
f 325/5/321 323/5/321 324/5/321
f 324/5/321 326/5/321 325/5/321
f 327/5/322 325/5/322 326/5/322
f 326/5/322 328/5/322 327/5/322
f 329/5/323 327/5/323 328/5/323
f 328/5/323 330/5/323 329/5/323
f 331/5/324 329/5/324 330/5/324
f 330/5/324 332/5/324 331/5/324
f 333/5/325 331/5/325 332/5/325
f 331/5/325 333/5/325 334/5/325
f 335/5/326 334/5/326 333/5/326
f 334/5/326 335/5/326 336/5/326
f 337/5/327 336/5/327 335/5/327
f 336/5/327 337/5/327 338/5/327
f 339/5/328 338/5/328 337/5/328
f 338/5/328 339/5/328 340/5/328
f 319/5/329 340/5/329 339/5/329
f 340/5/329 319/5/329 318/5/329
f 338/5/330 340/5/330 318/5/330
f 318/5/330 320/5/330 321/5/330
f 321/5/330 323/5/330 325/5/330
f 325/5/330 327/5/330 329/5/330
f 329/5/330 331/5/330 334/5/330
f 334/5/330 336/5/330 338/5/330
f 338/5/330 318/5/330 321/5/330
f 321/5/330 325/5/330 329/5/330
f 329/5/330 334/5/330 338/5/330
f 338/5/330 321/5/330 329/5/330
f 337/5/331 319/5/331 339/5/331
f 319/5/331 322/5/331 317/5/331
f 322/5/331 326/5/331 324/5/331
f 326/5/331 330/5/331 328/5/331
f 330/5/331 333/5/331 332/5/331
f 333/5/331 337/5/331 335/5/331
f 337/5/331 322/5/331 319/5/331
f 322/5/331 330/5/331 326/5/331
f 330/5/331 337/5/331 333/5/331
f 337/5/331 330/5/331 322/5/331
f 341/5/332 342/5/332 343/5/332
f 342/5/333 344/5/333 343/5/333
f 344/5/334 345/5/334 343/5/334
f 345/5/335 346/5/335 343/5/335
f 346/5/336 347/5/336 343/5/336
f 347/5/337 348/5/337 343/5/337
f 348/5/338 349/5/338 343/5/338
f 349/5/339 350/5/339 343/5/339
f 350/5/340 351/5/340 343/5/340
f 351/5/341 352/5/341 343/5/341
f 352/5/342 353/5/342 343/5/342
f 353/5/343 341/5/343 343/5/343
f 354/5/344 341/5/344 355/5/344
f 341/5/344 354/5/344 342/5/344
f 356/5/345 342/5/345 354/5/345
f 342/5/345 356/5/345 344/5/345
f 357/5/346 344/5/346 356/5/346
f 344/5/346 357/5/346 345/5/346
f 358/5/347 345/5/347 357/5/347
f 345/5/347 358/5/347 346/5/347
f 359/5/348 346/5/348 358/5/348
f 346/5/348 359/5/348 347/5/348
f 360/5/349 347/5/349 359/5/349
f 347/5/349 360/5/349 348/5/349
f 361/5/350 348/5/350 360/5/350
f 348/5/350 361/5/350 349/5/350
f 362/5/351 349/5/351 361/5/351
f 349/5/351 362/5/351 350/5/351
f 363/5/352 350/5/352 362/5/352
f 350/5/352 363/5/352 351/5/352
f 364/5/353 351/5/353 363/5/353
f 351/5/353 364/5/353 352/5/353
f 365/5/354 352/5/354 364/5/354
f 352/5/354 365/5/354 353/5/354
f 355/5/355 353/5/355 365/5/355
f 353/5/355 355/5/355 341/5/355
f 366/5/356 355/5/356 367/5/356
f 355/5/356 366/5/356 354/5/356
f 368/5/357 354/5/357 366/5/357
f 354/5/357 368/5/357 356/5/357
f 369/5/358 356/5/358 368/5/358
f 356/5/358 369/5/358 357/5/358
f 370/5/359 357/5/359 369/5/359
f 357/5/359 370/5/359 358/5/359
f 371/5/360 358/5/360 370/5/360
f 358/5/360 371/5/360 359/5/360
f 372/5/361 359/5/361 371/5/361
f 359/5/361 372/5/361 360/5/361
f 373/5/362 360/5/362 372/5/362
f 360/5/362 373/5/362 361/5/362
f 374/5/363 361/5/363 373/5/363
f 361/5/363 374/5/363 362/5/363
f 375/5/364 362/5/364 374/5/364
f 362/5/364 375/5/364 363/5/364
f 376/5/365 363/5/365 375/5/365
f 363/5/365 376/5/365 364/5/365
f 377/5/366 364/5/366 376/5/366
f 364/5/366 377/5/366 365/5/366
f 367/5/367 365/5/367 377/5/367
f 365/5/367 367/5/367 355/5/367
f 366/5/368 367/5/368 378/5/368
f 378/5/368 379/5/368 366/5/368
f 368/5/369 366/5/369 379/5/369
f 379/5/369 380/5/369 368/5/369
f 369/5/370 368/5/370 380/5/370
f 380/5/370 381/5/370 369/5/370
f 370/5/371 369/5/371 381/5/371
f 381/5/371 382/5/371 370/5/371
f 371/5/372 370/5/372 382/5/372
f 382/5/372 383/5/372 371/5/372
f 384/5/373 371/5/373 383/5/373
f 371/5/373 384/5/373 372/5/373
f 385/5/374 372/5/374 384/5/374
f 372/5/374 385/5/374 373/5/374
f 386/5/375 373/5/375 385/5/375
f 373/5/375 386/5/375 374/5/375
f 387/5/376 374/5/376 386/5/376
f 374/5/376 387/5/376 375/5/376
f 388/5/377 375/5/377 387/5/377
f 375/5/377 388/5/377 376/5/377
f 389/5/378 376/5/378 388/5/378
f 376/5/378 389/5/378 377/5/378
f 367/5/379 377/5/379 389/5/379
f 389/5/379 378/5/379 367/5/379
f 379/5/380 378/5/380 390/5/380
f 390/5/380 391/5/380 379/5/380
f 380/5/381 379/5/381 391/5/381
f 391/5/381 392/5/381 380/5/381
f 381/5/382 380/5/382 392/5/382
f 392/5/382 393/5/382 381/5/382
f 382/5/383 381/5/383 393/5/383
f 393/5/383 394/5/383 382/5/383
f 383/5/384 382/5/384 394/5/384
f 394/5/384 395/5/384 383/5/384
f 396/5/385 383/5/385 395/5/385
f 383/5/385 396/5/385 384/5/385
f 397/5/386 384/5/386 396/5/386
f 384/5/386 397/5/386 385/5/386
f 398/5/387 385/5/387 397/5/387
f 385/5/387 398/5/387 386/5/387
f 399/5/388 386/5/388 398/5/388
f 386/5/388 399/5/388 387/5/388
f 400/5/389 387/5/389 399/5/389
f 387/5/389 400/5/389 388/5/389
f 401/5/390 388/5/390 400/5/390
f 388/5/390 401/5/390 389/5/390
f 378/5/391 389/5/391 401/5/391
f 401/5/391 390/5/391 378/5/391
f 391/5/392 390/5/392 402/5/392
f 402/5/392 403/5/392 391/5/392
f 392/5/393 391/5/393 403/5/393
f 403/5/393 404/5/393 392/5/393
f 393/5/394 392/5/394 404/5/394
f 404/5/394 405/5/394 393/5/394
f 394/5/395 393/5/395 405/5/395
f 405/5/395 406/5/395 394/5/395
f 395/5/396 394/5/396 406/5/396
f 406/5/396 407/5/396 395/5/396
f 408/5/397 395/5/397 407/5/397
f 395/5/397 408/5/397 396/5/397
f 409/5/398 396/5/398 408/5/398
f 396/5/398 409/5/398 397/5/398
f 410/5/399 397/5/399 409/5/399
f 397/5/399 410/5/399 398/5/399
f 411/5/400 398/5/400 410/5/400
f 398/5/400 411/5/400 399/5/400
f 412/5/401 399/5/401 411/5/401
f 399/5/401 412/5/401 400/5/401
f 413/5/402 400/5/402 412/5/402
f 400/5/402 413/5/402 401/5/402
f 390/5/403 401/5/403 413/5/403
f 413/5/403 402/5/403 390/5/403
f 414/5/404 402/5/404 415/5/404
f 402/5/404 414/5/404 403/5/404
f 416/5/405 403/5/405 414/5/405
f 403/5/405 416/5/405 404/5/405
f 417/5/406 404/5/406 416/5/406
f 404/5/406 417/5/406 405/5/406
f 418/5/407 405/5/407 417/5/407
f 405/5/407 418/5/407 406/5/407
f 419/5/408 406/5/408 418/5/408
f 406/5/408 419/5/408 407/5/408
f 408/5/409 407/5/409 419/5/409
f 419/5/409 420/5/409 408/5/409
f 409/5/410 408/5/410 420/5/410
f 420/5/410 421/5/410 409/5/410
f 410/5/411 409/5/411 421/5/411
f 421/5/411 422/5/411 410/5/411
f 411/5/412 410/5/412 422/5/412
f 422/5/412 423/5/412 411/5/412
f 412/5/413 411/5/413 423/5/413
f 423/5/413 424/5/413 412/5/413
f 413/5/414 412/5/414 424/5/414
f 424/5/414 425/5/414 413/5/414
f 402/5/415 413/5/415 425/5/415
f 425/5/415 415/5/415 402/5/415
f 414/5/416 415/5/416 426/5/416
f 426/5/416 427/5/416 414/5/416
f 416/5/417 414/5/417 427/5/417
f 427/5/417 428/5/417 416/5/417
f 417/5/418 416/5/418 428/5/418
f 428/5/418 429/5/418 417/5/418
f 418/5/419 417/5/419 429/5/419
f 429/5/419 430/5/419 418/5/419
f 419/5/420 418/5/420 430/5/420
f 430/5/420 431/5/420 419/5/420
f 420/5/421 419/5/421 431/5/421
f 431/5/421 432/5/421 420/5/421
f 421/5/422 420/5/422 432/5/422
f 432/5/422 433/5/422 421/5/422
f 422/5/423 421/5/423 433/5/423
f 433/5/423 434/5/423 422/5/423
f 423/5/424 422/5/424 434/5/424
f 434/5/424 435/5/424 423/5/424
f 424/5/425 423/5/425 435/5/425
f 435/5/425 436/5/425 424/5/425
f 425/5/426 424/5/426 436/5/426
f 436/5/426 437/5/426 425/5/426
f 415/5/427 425/5/427 437/5/427
f 437/5/427 426/5/427 415/5/427
f 438/5/428 427/5/428 426/5/428
f 438/5/429 428/5/429 427/5/429
f 438/5/430 429/5/430 428/5/430
f 438/5/431 430/5/431 429/5/431
f 438/5/432 431/5/432 430/5/432
f 438/5/433 432/5/433 431/5/433
f 438/5/434 433/5/434 432/5/434
f 438/5/435 434/5/435 433/5/435
f 438/5/436 435/5/436 434/5/436
f 438/5/437 436/5/437 435/5/437
f 438/5/438 437/5/438 436/5/438
f 438/5/439 426/5/439 437/5/439
f 439/5/440 440/5/440 441/5/440
f 440/5/440 439/5/440 442/5/440
f 443/5/441 442/5/441 439/5/441
f 439/5/441 444/5/441 443/5/441
f 445/5/442 443/5/442 444/5/442
f 444/5/442 446/5/442 445/5/442
f 447/5/443 445/5/443 446/5/443
f 446/5/443 448/5/443 447/5/443
f 449/5/444 447/5/444 448/5/444
f 448/5/444 450/5/444 449/5/444
f 451/5/445 449/5/445 450/5/445
f 450/5/445 452/5/445 451/5/445
f 453/5/446 451/5/446 452/5/446
f 452/5/446 454/5/446 453/5/446
f 455/5/447 453/5/447 454/5/447
f 453/5/447 455/5/447 456/5/447
f 457/5/448 456/5/448 455/5/448
f 456/5/448 457/5/448 458/5/448
f 459/5/449 458/5/449 457/5/449
f 458/5/449 459/5/449 460/5/449
f 461/5/450 460/5/450 459/5/450
f 460/5/450 461/5/450 462/5/450
f 441/5/451 462/5/451 461/5/451
f 462/5/451 441/5/451 440/5/451
f 460/5/452 462/5/452 440/5/452
f 440/5/452 442/5/452 443/5/452
f 443/5/452 445/5/452 447/5/452
f 447/5/452 449/5/452 451/5/452
f 451/5/452 453/5/452 456/5/452
f 456/5/452 458/5/452 460/5/452
f 460/5/452 440/5/452 443/5/452
f 443/5/452 447/5/452 451/5/452
f 451/5/452 456/5/452 460/5/452
f 460/5/452 443/5/452 451/5/452
f 459/5/453 441/5/453 461/5/453
f 441/5/453 444/5/453 439/5/453
f 444/5/453 448/5/453 446/5/453
f 448/5/453 452/5/453 450/5/453
f 452/5/453 455/5/453 454/5/453
f 455/5/453 459/5/453 457/5/453
f 459/5/453 444/5/453 441/5/453
f 444/5/453 452/5/453 448/5/453
f 452/5/453 459/5/453 455/5/453
f 459/5/453 452/5/453 444/5/453
f 463/5/454 464/5/454 465/5/454
f 464/5/455 466/5/455 465/5/455
f 466/5/456 467/5/456 465/5/456
f 467/5/457 468/5/457 465/5/457
f 468/5/458 469/5/458 465/5/458
f 469/5/459 470/5/459 465/5/459
f 470/5/460 471/5/460 465/5/460
f 471/5/461 472/5/461 465/5/461
f 472/5/462 473/5/462 465/5/462
f 473/5/463 474/5/463 465/5/463
f 474/5/464 475/5/464 465/5/464
f 475/5/465 463/5/465 465/5/465
f 476/5/466 463/5/466 477/5/466
f 463/5/466 476/5/466 464/5/466
f 478/5/467 464/5/467 476/5/467
f 464/5/467 478/5/467 466/5/467
f 479/5/468 466/5/468 478/5/468
f 466/5/468 479/5/468 467/5/468
f 480/5/469 467/5/469 479/5/469
f 467/5/469 480/5/469 468/5/469
f 481/5/470 468/5/470 480/5/470
f 468/5/470 481/5/470 469/5/470
f 482/5/471 469/5/471 481/5/471
f 469/5/471 482/5/471 470/5/471
f 483/5/472 470/5/472 482/5/472
f 470/5/472 483/5/472 471/5/472
f 484/5/473 471/5/473 483/5/473
f 471/5/473 484/5/473 472/5/473
f 485/5/474 472/5/474 484/5/474
f 472/5/474 485/5/474 473/5/474
f 486/5/475 473/5/475 485/5/475
f 473/5/475 486/5/475 474/5/475
f 487/5/476 474/5/476 486/5/476
f 474/5/476 487/5/476 475/5/476
f 477/5/477 475/5/477 487/5/477
f 475/5/477 477/5/477 463/5/477
f 488/5/478 477/5/478 489/5/478
f 477/5/478 488/5/478 476/5/478
f 490/5/479 476/5/479 488/5/479
f 476/5/479 490/5/479 478/5/479
f 491/5/480 478/5/480 490/5/480
f 478/5/480 491/5/480 479/5/480
f 492/5/481 479/5/481 491/5/481
f 479/5/481 492/5/481 480/5/481
f 493/5/482 480/5/482 492/5/482
f 480/5/482 493/5/482 481/5/482
f 494/5/483 481/5/483 493/5/483
f 481/5/483 494/5/483 482/5/483
f 495/5/484 482/5/484 494/5/484
f 482/5/484 495/5/484 483/5/484
f 496/5/485 483/5/485 495/5/485
f 483/5/485 496/5/485 484/5/485
f 497/5/486 484/5/486 496/5/486
f 484/5/486 497/5/486 485/5/486
f 498/5/487 485/5/487 497/5/487
f 485/5/487 498/5/487 486/5/487
f 499/5/488 486/5/488 498/5/488
f 486/5/488 499/5/488 487/5/488
f 489/5/489 487/5/489 499/5/489
f 487/5/489 489/5/489 477/5/489
f 488/5/490 489/5/490 500/5/490
f 500/5/490 501/5/490 488/5/490
f 490/5/491 488/5/491 501/5/491
f 501/5/491 502/5/491 490/5/491
f 491/5/492 490/5/492 502/5/492
f 502/5/492 503/5/492 491/5/492
f 492/5/493 491/5/493 503/5/493
f 503/5/493 504/5/493 492/5/493
f 493/5/494 492/5/494 504/5/494
f 504/5/494 505/5/494 493/5/494
f 494/5/495 493/5/495 505/5/495
f 505/5/495 506/5/495 494/5/495
f 507/5/496 494/5/496 506/5/496
f 494/5/496 507/5/496 495/5/496
f 508/5/497 495/5/497 507/5/497
f 495/5/497 508/5/497 496/5/497
f 509/5/498 496/5/498 508/5/498
f 496/5/498 509/5/498 497/5/498
f 510/5/499 497/5/499 509/5/499
f 497/5/499 510/5/499 498/5/499
f 511/5/500 498/5/500 510/5/500
f 498/5/500 511/5/500 499/5/500
f 500/5/501 499/5/501 511/5/501
f 499/5/501 500/5/501 489/5/501
f 501/5/502 500/5/502 512/5/502
f 512/5/502 513/5/502 501/5/502
f 502/5/503 501/5/503 513/5/503
f 513/5/503 514/5/503 502/5/503
f 503/5/504 502/5/504 514/5/504
f 514/5/504 515/5/504 503/5/504
f 504/5/505 503/5/505 515/5/505
f 515/5/505 516/5/505 504/5/505
f 505/5/506 504/5/506 516/5/506
f 516/5/506 517/5/506 505/5/506
f 506/5/507 505/5/507 517/5/507
f 517/5/507 518/5/507 506/5/507
f 519/5/508 506/5/508 518/5/508
f 506/5/508 519/5/508 507/5/508
f 520/5/509 507/5/509 519/5/509
f 507/5/509 520/5/509 508/5/509
f 521/5/510 508/5/510 520/5/510
f 508/5/510 521/5/510 509/5/510
f 522/5/511 509/5/511 521/5/511
f 509/5/511 522/5/511 510/5/511
f 523/5/512 510/5/512 522/5/512
f 510/5/512 523/5/512 511/5/512
f 512/5/513 511/5/513 523/5/513
f 511/5/513 512/5/513 500/5/513
f 513/5/514 512/5/514 524/5/514
f 524/5/514 525/5/514 513/5/514
f 514/5/515 513/5/515 525/5/515
f 525/5/515 526/5/515 514/5/515
f 515/5/516 514/5/516 526/5/516
f 526/5/516 527/5/516 515/5/516
f 516/5/517 515/5/517 527/5/517
f 527/5/517 528/5/517 516/5/517
f 517/5/518 516/5/518 528/5/518
f 528/5/518 529/5/518 517/5/518
f 518/5/519 517/5/519 529/5/519
f 529/5/519 530/5/519 518/5/519
f 531/5/520 518/5/520 530/5/520
f 518/5/520 531/5/520 519/5/520
f 532/5/521 519/5/521 531/5/521
f 519/5/521 532/5/521 520/5/521
f 533/5/522 520/5/522 532/5/522
f 520/5/522 533/5/522 521/5/522
f 534/5/523 521/5/523 533/5/523
f 521/5/523 534/5/523 522/5/523
f 535/5/524 522/5/524 534/5/524
f 522/5/524 535/5/524 523/5/524
f 524/5/525 523/5/525 535/5/525
f 523/5/525 524/5/525 512/5/525
f 536/5/526 524/5/526 537/5/526
f 524/5/526 536/5/526 525/5/526
f 538/5/527 525/5/527 536/5/527
f 525/5/527 538/5/527 526/5/527
f 539/5/528 526/5/528 538/5/528
f 526/5/528 539/5/528 527/5/528
f 540/5/529 527/5/529 539/5/529
f 527/5/529 540/5/529 528/5/529
f 541/5/530 528/5/530 540/5/530
f 528/5/530 541/5/530 529/5/530
f 542/5/531 529/5/531 541/5/531
f 529/5/531 542/5/531 530/5/531
f 531/5/532 530/5/532 542/5/532
f 542/5/532 543/5/532 531/5/532
f 532/5/533 531/5/533 543/5/533
f 543/5/533 544/5/533 532/5/533
f 533/5/534 532/5/534 544/5/534
f 544/5/534 545/5/534 533/5/534
f 534/5/535 533/5/535 545/5/535
f 545/5/535 546/5/535 534/5/535
f 535/5/536 534/5/536 546/5/536
f 546/5/536 547/5/536 535/5/536
f 524/5/537 535/5/537 547/5/537
f 547/5/537 537/5/537 524/5/537
f 536/5/538 537/5/538 548/5/538
f 548/5/538 549/5/538 536/5/538
f 538/5/539 536/5/539 549/5/539
f 549/5/539 550/5/539 538/5/539
f 539/5/540 538/5/540 550/5/540
f 550/5/540 551/5/540 539/5/540
f 540/5/541 539/5/541 551/5/541
f 551/5/541 552/5/541 540/5/541
f 541/5/542 540/5/542 552/5/542
f 552/5/542 553/5/542 541/5/542
f 542/5/543 541/5/543 553/5/543
f 553/5/543 554/5/543 542/5/543
f 543/5/544 542/5/544 554/5/544
f 554/5/544 555/5/544 543/5/544
f 544/5/545 543/5/545 555/5/545
f 555/5/545 556/5/545 544/5/545
f 545/5/546 544/5/546 556/5/546
f 556/5/546 557/5/546 545/5/546
f 546/5/547 545/5/547 557/5/547
f 557/5/547 558/5/547 546/5/547
f 547/5/548 546/5/548 558/5/548
f 558/5/548 559/5/548 547/5/548
f 537/5/549 547/5/549 559/5/549
f 559/5/549 548/5/549 537/5/549
f 560/5/550 549/5/550 548/5/550
f 560/5/551 550/5/551 549/5/551
f 560/5/552 551/5/552 550/5/552
f 560/5/553 552/5/553 551/5/553
f 560/5/554 553/5/554 552/5/554
f 560/5/555 554/5/555 553/5/555
f 560/5/556 555/5/556 554/5/556
f 560/5/557 556/5/557 555/5/557
f 560/5/558 557/5/558 556/5/558
f 560/5/559 558/5/559 557/5/559
f 560/5/560 559/5/560 558/5/560
f 560/5/561 548/5/561 559/5/561
f 561/5/562 562/5/562 563/5/562
f 563/5/562 564/5/562 561/5/562
f 565/5/563 561/5/563 564/5/563
f 564/5/563 566/5/563 565/5/563
f 567/5/564 565/5/564 566/5/564
f 566/5/564 568/5/564 567/5/564
f 569/5/565 567/5/565 568/5/565
f 568/5/565 570/5/565 569/5/565
f 571/5/566 569/5/566 570/5/566
f 570/5/566 572/5/566 571/5/566
f 573/5/567 571/5/567 572/5/567
f 572/5/567 574/5/567 573/5/567
f 575/5/568 573/5/568 574/5/568
f 573/5/568 575/5/568 576/5/568
f 577/5/569 576/5/569 575/5/569
f 576/5/569 577/5/569 578/5/569
f 579/5/570 578/5/570 577/5/570
f 578/5/570 579/5/570 580/5/570
f 581/5/571 580/5/571 579/5/571
f 580/5/571 581/5/571 582/5/571
f 583/5/572 582/5/572 581/5/572
f 582/5/572 583/5/572 584/5/572
f 563/5/573 584/5/573 583/5/573
f 584/5/573 563/5/573 562/5/573
f 582/5/574 584/5/574 562/5/574
f 562/5/574 561/5/574 565/5/574
f 565/5/574 567/5/574 569/5/574
f 569/5/574 571/5/574 573/5/574
f 573/5/574 576/5/574 578/5/574
f 578/5/574 580/5/574 582/5/574
f 582/5/574 562/5/574 565/5/574
f 565/5/574 569/5/574 573/5/574
f 573/5/574 578/5/574 582/5/574
f 582/5/574 565/5/574 573/5/574
f 581/5/575 563/5/575 583/5/575
f 563/5/575 566/5/575 564/5/575
f 566/5/575 570/5/575 568/5/575
f 570/5/575 574/5/575 572/5/575
f 574/5/575 577/5/575 575/5/575
f 577/5/575 581/5/575 579/5/575
f 581/5/575 566/5/575 563/5/575
f 566/5/575 574/5/575 570/5/575
f 574/5/575 581/5/575 577/5/575
f 581/5/575 574/5/575 566/5/575
f 585/5/576 586/5/576 587/5/576
f 586/5/577 588/5/577 587/5/577
f 588/5/578 589/5/578 587/5/578
f 589/5/579 590/5/579 587/5/579
f 590/5/580 591/5/580 587/5/580
f 591/5/581 592/5/581 587/5/581
f 592/5/582 593/5/582 587/5/582
f 593/5/583 594/5/583 587/5/583
f 594/5/584 595/5/584 587/5/584
f 595/5/585 596/5/585 587/5/585
f 596/5/586 597/5/586 587/5/586
f 597/5/587 585/5/587 587/5/587
f 598/5/588 585/5/588 599/5/588
f 585/5/588 598/5/588 586/5/588
f 600/5/589 586/5/589 598/5/589
f 586/5/589 600/5/589 588/5/589
f 601/5/590 588/5/590 600/5/590
f 588/5/590 601/5/590 589/5/590
f 602/5/591 589/5/591 601/5/591
f 589/5/591 602/5/591 590/5/591
f 603/5/592 590/5/592 602/5/592
f 590/5/592 603/5/592 591/5/592
f 604/5/593 591/5/593 603/5/593
f 591/5/593 604/5/593 592/5/593
f 605/5/594 592/5/594 604/5/594
f 592/5/594 605/5/594 593/5/594
f 606/5/595 593/5/595 605/5/595
f 593/5/595 606/5/595 594/5/595
f 607/5/596 594/5/596 606/5/596
f 594/5/596 607/5/596 595/5/596
f 608/5/597 595/5/597 607/5/597
f 595/5/597 608/5/597 596/5/597
f 609/5/598 596/5/598 608/5/598
f 596/5/598 609/5/598 597/5/598
f 599/5/599 597/5/599 609/5/599
f 597/5/599 599/5/599 585/5/599
f 610/5/600 599/5/600 611/5/600
f 599/5/600 610/5/600 598/5/600
f 612/5/601 598/5/601 610/5/601
f 598/5/601 612/5/601 600/5/601
f 613/5/602 600/5/602 612/5/602
f 600/5/602 613/5/602 601/5/602
f 614/5/603 601/5/603 613/5/603
f 601/5/603 614/5/603 602/5/603
f 615/5/604 602/5/604 614/5/604
f 602/5/604 615/5/604 603/5/604
f 616/5/605 603/5/605 615/5/605
f 603/5/605 616/5/605 604/5/605
f 617/5/606 604/5/606 616/5/606
f 604/5/606 617/5/606 605/5/606
f 618/5/607 605/5/607 617/5/607
f 605/5/607 618/5/607 606/5/607
f 619/5/608 606/5/608 618/5/608
f 606/5/608 619/5/608 607/5/608
f 620/5/609 607/5/609 619/5/609
f 607/5/609 620/5/609 608/5/609
f 621/5/610 608/5/610 620/5/610
f 608/5/610 621/5/610 609/5/610
f 611/5/611 609/5/611 621/5/611
f 609/5/611 611/5/611 599/5/611
f 622/5/612 611/5/612 623/5/612
f 611/5/612 622/5/612 610/5/612
f 612/5/613 610/5/613 622/5/613
f 622/5/613 624/5/613 612/5/613
f 613/5/614 612/5/614 624/5/614
f 624/5/614 625/5/614 613/5/614
f 614/5/615 613/5/615 625/5/615
f 625/5/615 626/5/615 614/5/615
f 615/5/616 614/5/616 626/5/616
f 626/5/616 627/5/616 615/5/616
f 616/5/617 615/5/617 627/5/617
f 627/5/617 628/5/617 616/5/617
f 617/5/618 616/5/618 628/5/618
f 628/5/618 629/5/618 617/5/618
f 630/5/619 617/5/619 629/5/619
f 617/5/619 630/5/619 618/5/619
f 631/5/620 618/5/620 630/5/620
f 618/5/620 631/5/620 619/5/620
f 632/5/621 619/5/621 631/5/621
f 619/5/621 632/5/621 620/5/621
f 633/5/622 620/5/622 632/5/622
f 620/5/622 633/5/622 621/5/622
f 623/5/623 621/5/623 633/5/623
f 621/5/623 623/5/623 611/5/623
f 634/5/624 623/5/624 635/5/624
f 623/5/624 634/5/624 622/5/624
f 624/5/625 622/5/625 634/5/625
f 634/5/625 636/5/625 624/5/625
f 625/5/626 624/5/626 636/5/626
f 636/5/626 637/5/626 625/5/626
f 626/5/627 625/5/627 637/5/627
f 637/5/627 638/5/627 626/5/627
f 627/5/628 626/5/628 638/5/628
f 638/5/628 639/5/628 627/5/628
f 628/5/629 627/5/629 639/5/629
f 639/5/629 640/5/629 628/5/629
f 629/5/630 628/5/630 640/5/630
f 640/5/630 641/5/630 629/5/630
f 642/5/631 629/5/631 641/5/631
f 629/5/631 642/5/631 630/5/631
f 643/5/632 630/5/632 642/5/632
f 630/5/632 643/5/632 631/5/632
f 644/5/633 631/5/633 643/5/633
f 631/5/633 644/5/633 632/5/633
f 645/5/634 632/5/634 644/5/634
f 632/5/634 645/5/634 633/5/634
f 635/5/635 633/5/635 645/5/635
f 633/5/635 635/5/635 623/5/635
f 646/5/636 635/5/636 647/5/636
f 635/5/636 646/5/636 634/5/636
f 636/5/637 634/5/637 646/5/637
f 646/5/637 648/5/637 636/5/637
f 637/5/638 636/5/638 648/5/638
f 648/5/638 649/5/638 637/5/638
f 638/5/639 637/5/639 649/5/639
f 649/5/639 650/5/639 638/5/639
f 639/5/640 638/5/640 650/5/640
f 650/5/640 651/5/640 639/5/640
f 640/5/641 639/5/641 651/5/641
f 651/5/641 652/5/641 640/5/641
f 641/5/642 640/5/642 652/5/642
f 652/5/642 653/5/642 641/5/642
f 654/5/643 641/5/643 653/5/643
f 641/5/643 654/5/643 642/5/643
f 655/5/644 642/5/644 654/5/644
f 642/5/644 655/5/644 643/5/644
f 656/5/645 643/5/645 655/5/645
f 643/5/645 656/5/645 644/5/645
f 657/5/646 644/5/646 656/5/646
f 644/5/646 657/5/646 645/5/646
f 647/5/647 645/5/647 657/5/647
f 645/5/647 647/5/647 635/5/647
f 646/5/648 647/5/648 658/5/648
f 658/5/648 659/5/648 646/5/648
f 660/5/649 646/5/649 659/5/649
f 646/5/649 660/5/649 648/5/649
f 661/5/650 648/5/650 660/5/650
f 648/5/650 661/5/650 649/5/650
f 662/5/651 649/5/651 661/5/651
f 649/5/651 662/5/651 650/5/651
f 663/5/652 650/5/652 662/5/652
f 650/5/652 663/5/652 651/5/652
f 664/5/653 651/5/653 663/5/653
f 651/5/653 664/5/653 652/5/653
f 665/5/654 652/5/654 664/5/654
f 652/5/654 665/5/654 653/5/654
f 654/5/655 653/5/655 665/5/655
f 665/5/655 666/5/655 654/5/655
f 655/5/656 654/5/656 666/5/656
f 666/5/656 667/5/656 655/5/656
f 656/5/657 655/5/657 667/5/657
f 667/5/657 668/5/657 656/5/657
f 657/5/658 656/5/658 668/5/658
f 668/5/658 669/5/658 657/5/658
f 647/5/659 657/5/659 669/5/659
f 669/5/659 658/5/659 647/5/659
f 659/5/660 658/5/660 670/5/660
f 670/5/660 671/5/660 659/5/660
f 660/5/661 659/5/661 671/5/661
f 671/5/661 672/5/661 660/5/661
f 661/5/662 660/5/662 672/5/662
f 672/5/662 673/5/662 661/5/662
f 662/5/663 661/5/663 673/5/663
f 673/5/663 674/5/663 662/5/663
f 663/5/664 662/5/664 674/5/664
f 674/5/664 675/5/664 663/5/664
f 664/5/665 663/5/665 675/5/665
f 675/5/665 676/5/665 664/5/665
f 665/5/666 664/5/666 676/5/666
f 676/5/666 677/5/666 665/5/666
f 666/5/667 665/5/667 677/5/667
f 677/5/667 678/5/667 666/5/667
f 667/5/668 666/5/668 678/5/668
f 678/5/668 679/5/668 667/5/668
f 668/5/669 667/5/669 679/5/669
f 679/5/669 680/5/669 668/5/669
f 669/5/670 668/5/670 680/5/670
f 680/5/670 681/5/670 669/5/670
f 658/5/671 669/5/671 681/5/671
f 681/5/671 670/5/671 658/5/671
f 682/5/672 671/5/672 670/5/672
f 682/5/673 672/5/673 671/5/673
f 682/5/674 673/5/674 672/5/674
f 682/5/675 674/5/675 673/5/675
f 682/5/676 675/5/676 674/5/676
f 682/5/677 676/5/677 675/5/677
f 682/5/678 677/5/678 676/5/678
f 682/5/679 678/5/679 677/5/679
f 682/5/680 679/5/680 678/5/680
f 682/5/681 680/5/681 679/5/681
f 682/5/682 681/5/682 680/5/682
f 682/5/683 670/5/683 681/5/683
f 683/5/684 684/5/684 685/5/684
f 685/5/684 686/5/684 683/5/684
f 687/5/685 683/5/685 686/5/685
f 686/5/685 688/5/685 687/5/685
f 689/5/686 687/5/686 688/5/686
f 688/5/686 690/5/686 689/5/686
f 691/5/687 689/5/687 690/5/687
f 690/5/687 692/5/687 691/5/687
f 693/5/688 691/5/688 692/5/688
f 692/5/688 694/5/688 693/5/688
f 695/5/689 693/5/689 694/5/689
f 693/5/689 695/5/689 696/5/689
f 697/5/690 696/5/690 695/5/690
f 696/5/690 697/5/690 698/5/690
f 699/5/691 698/5/691 697/5/691
f 698/5/691 699/5/691 700/5/691
f 701/5/692 700/5/692 699/5/692
f 700/5/692 701/5/692 702/5/692
f 703/5/693 702/5/693 701/5/693
f 702/5/693 703/5/693 704/5/693
f 705/5/694 704/5/694 703/5/694
f 704/5/694 705/5/694 706/5/694
f 684/5/695 706/5/695 705/5/695
f 705/5/695 685/5/695 684/5/695
f 704/5/696 706/5/696 684/5/696
f 684/5/696 683/5/696 687/5/696
f 687/5/696 689/5/696 691/5/696
f 691/5/696 693/5/696 696/5/696
f 696/5/696 698/5/696 700/5/696
f 700/5/696 702/5/696 704/5/696
f 704/5/696 684/5/696 687/5/696
f 687/5/696 691/5/696 696/5/696
f 696/5/696 700/5/696 704/5/696
f 704/5/696 687/5/696 696/5/696
f 703/5/697 685/5/697 705/5/697
f 685/5/697 688/5/697 686/5/697
f 688/5/697 692/5/697 690/5/697
f 692/5/697 695/5/697 694/5/697
f 695/5/697 699/5/697 697/5/697
f 699/5/697 703/5/697 701/5/697
f 703/5/697 688/5/697 685/5/697
f 688/5/697 695/5/697 692/5/697
f 695/5/697 703/5/697 699/5/697
f 703/5/697 695/5/697 688/5/697
f 707/5/698 708/5/698 709/5/698
f 708/5/699 710/5/699 709/5/699
f 710/5/700 711/5/700 709/5/700
f 711/5/701 712/5/701 709/5/701
f 712/5/702 713/5/702 709/5/702
f 713/5/703 714/5/703 709/5/703
f 714/5/704 715/5/704 709/5/704
f 715/5/705 716/5/705 709/5/705
f 716/5/706 717/5/706 709/5/706
f 717/5/707 718/5/707 709/5/707
f 718/5/708 719/5/708 709/5/708
f 719/5/709 707/5/709 709/5/709
f 720/5/710 707/5/710 721/5/710
f 707/5/710 720/5/710 708/5/710
f 722/5/711 708/5/711 720/5/711
f 708/5/711 722/5/711 710/5/711
f 723/5/712 710/5/712 722/5/712
f 710/5/712 723/5/712 711/5/712
f 724/5/713 711/5/713 723/5/713
f 711/5/713 724/5/713 712/5/713
f 725/5/714 712/5/714 724/5/714
f 712/5/714 725/5/714 713/5/714
f 726/5/715 713/5/715 725/5/715
f 713/5/715 726/5/715 714/5/715
f 727/5/716 714/5/716 726/5/716
f 714/5/716 727/5/716 715/5/716
f 728/5/717 715/5/717 727/5/717
f 715/5/717 728/5/717 716/5/717
f 729/5/718 716/5/718 728/5/718
f 716/5/718 729/5/718 717/5/718
f 730/5/719 717/5/719 729/5/719
f 717/5/719 730/5/719 718/5/719
f 731/5/720 718/5/720 730/5/720
f 718/5/720 731/5/720 719/5/720
f 721/5/721 719/5/721 731/5/721
f 719/5/721 721/5/721 707/5/721
f 732/5/722 721/5/722 733/5/722
f 721/5/722 732/5/722 720/5/722
f 734/5/723 720/5/723 732/5/723
f 720/5/723 734/5/723 722/5/723
f 735/5/724 722/5/724 734/5/724
f 722/5/724 735/5/724 723/5/724
f 736/5/725 723/5/725 735/5/725
f 723/5/725 736/5/725 724/5/725
f 737/5/726 724/5/726 736/5/726
f 724/5/726 737/5/726 725/5/726
f 738/5/727 725/5/727 737/5/727
f 725/5/727 738/5/727 726/5/727
f 739/5/728 726/5/728 738/5/728
f 726/5/728 739/5/728 727/5/728
f 740/5/729 727/5/729 739/5/729
f 727/5/729 740/5/729 728/5/729
f 741/5/730 728/5/730 740/5/730
f 728/5/730 741/5/730 729/5/730
f 742/5/731 729/5/731 741/5/731
f 729/5/731 742/5/731 730/5/731
f 743/5/732 730/5/732 742/5/732
f 730/5/732 743/5/732 731/5/732
f 733/5/733 731/5/733 743/5/733
f 731/5/733 733/5/733 721/5/733
f 744/5/734 733/5/734 745/5/734
f 733/5/734 744/5/734 732/5/734
f 746/5/735 732/5/735 744/5/735
f 732/5/735 746/5/735 734/5/735
f 735/5/736 734/5/736 746/5/736
f 746/5/736 747/5/736 735/5/736
f 736/5/737 735/5/737 747/5/737
f 747/5/737 748/5/737 736/5/737
f 737/5/738 736/5/738 748/5/738
f 748/5/738 749/5/738 737/5/738
f 738/5/739 737/5/739 749/5/739
f 749/5/739 750/5/739 738/5/739
f 739/5/740 738/5/740 750/5/740
f 750/5/740 751/5/740 739/5/740
f 740/5/741 739/5/741 751/5/741
f 751/5/741 752/5/741 740/5/741
f 753/5/742 740/5/742 752/5/742
f 740/5/742 753/5/742 741/5/742
f 754/5/743 741/5/743 753/5/743
f 741/5/743 754/5/743 742/5/743
f 755/5/744 742/5/744 754/5/744
f 742/5/744 755/5/744 743/5/744
f 745/5/745 743/5/745 755/5/745
f 743/5/745 745/5/745 733/5/745
f 756/5/746 745/5/746 757/5/746
f 745/5/746 756/5/746 744/5/746
f 758/5/747 744/5/747 756/5/747
f 744/5/747 758/5/747 746/5/747
f 747/5/748 746/5/748 758/5/748
f 758/5/748 759/5/748 747/5/748
f 748/5/749 747/5/749 759/5/749
f 759/5/749 760/5/749 748/5/749
f 749/5/750 748/5/750 760/5/750
f 760/5/750 761/5/750 749/5/750
f 750/5/751 749/5/751 761/5/751
f 761/5/751 762/5/751 750/5/751
f 751/5/752 750/5/752 762/5/752
f 762/5/752 763/5/752 751/5/752
f 752/5/753 751/5/753 763/5/753
f 763/5/753 764/5/753 752/5/753
f 765/5/754 752/5/754 764/5/754
f 752/5/754 765/5/754 753/5/754
f 766/5/755 753/5/755 765/5/755
f 753/5/755 766/5/755 754/5/755
f 767/5/756 754/5/756 766/5/756
f 754/5/756 767/5/756 755/5/756
f 757/5/757 755/5/757 767/5/757
f 755/5/757 757/5/757 745/5/757
f 768/5/758 757/5/758 769/5/758
f 757/5/758 768/5/758 756/5/758
f 770/5/759 756/5/759 768/5/759
f 756/5/759 770/5/759 758/5/759
f 759/5/760 758/5/760 770/5/760
f 770/5/760 771/5/760 759/5/760
f 760/5/761 759/5/761 771/5/761
f 771/5/761 772/5/761 760/5/761
f 761/5/762 760/5/762 772/5/762
f 772/5/762 773/5/762 761/5/762
f 762/5/763 761/5/763 773/5/763
f 773/5/763 774/5/763 762/5/763
f 763/5/764 762/5/764 774/5/764
f 774/5/764 775/5/764 763/5/764
f 764/5/765 763/5/765 775/5/765
f 775/5/765 776/5/765 764/5/765
f 777/5/766 764/5/766 776/5/766
f 764/5/766 777/5/766 765/5/766
f 778/5/767 765/5/767 777/5/767
f 765/5/767 778/5/767 766/5/767
f 779/5/768 766/5/768 778/5/768
f 766/5/768 779/5/768 767/5/768
f 769/5/769 767/5/769 779/5/769
f 767/5/769 769/5/769 757/5/769
f 768/5/770 769/5/770 780/5/770
f 780/5/770 781/5/770 768/5/770
f 770/5/771 768/5/771 781/5/771
f 781/5/771 782/5/771 770/5/771
f 783/5/772 770/5/772 782/5/772
f 770/5/772 783/5/772 771/5/772
f 784/5/773 771/5/773 783/5/773
f 771/5/773 784/5/773 772/5/773
f 785/5/774 772/5/774 784/5/774
f 772/5/774 785/5/774 773/5/774
f 786/5/775 773/5/775 785/5/775
f 773/5/775 786/5/775 774/5/775
f 787/5/776 774/5/776 786/5/776
f 774/5/776 787/5/776 775/5/776
f 788/5/777 775/5/777 787/5/777
f 775/5/777 788/5/777 776/5/777
f 777/5/778 776/5/778 788/5/778
f 788/5/778 789/5/778 777/5/778
f 778/5/779 777/5/779 789/5/779
f 789/5/779 790/5/779 778/5/779
f 779/5/780 778/5/780 790/5/780
f 790/5/780 791/5/780 779/5/780
f 769/5/781 779/5/781 791/5/781
f 791/5/781 780/5/781 769/5/781
f 781/5/782 780/5/782 792/5/782
f 792/5/782 793/5/782 781/5/782
f 782/5/783 781/5/783 793/5/783
f 793/5/783 794/5/783 782/5/783
f 783/5/784 782/5/784 794/5/784
f 794/5/784 795/5/784 783/5/784
f 784/5/785 783/5/785 795/5/785
f 795/5/785 796/5/785 784/5/785
f 785/5/786 784/5/786 796/5/786
f 796/5/786 797/5/786 785/5/786
f 786/5/787 785/5/787 797/5/787
f 797/5/787 798/5/787 786/5/787
f 787/5/788 786/5/788 798/5/788
f 798/5/788 799/5/788 787/5/788
f 788/5/789 787/5/789 799/5/789
f 799/5/789 800/5/789 788/5/789
f 789/5/790 788/5/790 800/5/790
f 800/5/790 801/5/790 789/5/790
f 790/5/791 789/5/791 801/5/791
f 801/5/791 802/5/791 790/5/791
f 791/5/792 790/5/792 802/5/792
f 802/5/792 803/5/792 791/5/792
f 780/5/793 791/5/793 803/5/793
f 803/5/793 792/5/793 780/5/793
f 804/5/794 793/5/794 792/5/794
f 804/5/795 794/5/795 793/5/795
f 804/5/796 795/5/796 794/5/796
f 804/5/797 796/5/797 795/5/797
f 804/5/798 797/5/798 796/5/798
f 804/5/799 798/5/799 797/5/799
f 804/5/800 799/5/800 798/5/800
f 804/5/801 800/5/801 799/5/801
f 804/5/802 801/5/802 800/5/802
f 804/5/803 802/5/803 801/5/803
f 804/5/804 803/5/804 802/5/804
f 804/5/805 792/5/805 803/5/805
f 805/5/806 806/5/806 807/5/806
f 807/5/806 808/5/806 805/5/806
f 809/5/807 805/5/807 808/5/807
f 808/5/807 810/5/807 809/5/807
f 811/5/808 809/5/808 810/5/808
f 810/5/808 812/5/808 811/5/808
f 813/5/809 811/5/809 812/5/809
f 812/5/809 814/5/809 813/5/809
f 815/5/810 813/5/810 814/5/810
f 813/5/810 815/5/810 816/5/810
f 817/5/811 816/5/811 815/5/811
f 816/5/811 817/5/811 818/5/811
f 819/5/812 818/5/812 817/5/812
f 818/5/812 819/5/812 820/5/812
f 821/5/813 820/5/813 819/5/813
f 820/5/813 821/5/813 822/5/813
f 823/5/814 822/5/814 821/5/814
f 822/5/814 823/5/814 824/5/814
f 825/5/815 824/5/815 823/5/815
f 824/5/815 825/5/815 826/5/815
f 827/5/816 826/5/816 825/5/816
f 825/5/816 828/5/816 827/5/816
f 806/5/817 827/5/817 828/5/817
f 828/5/817 807/5/817 806/5/817
f 826/5/818 827/5/818 806/5/818
f 806/5/818 805/5/818 809/5/818
f 809/5/818 811/5/818 813/5/818
f 813/5/818 816/5/818 818/5/818
f 818/5/818 820/5/818 822/5/818
f 822/5/818 824/5/818 826/5/818
f 826/5/818 806/5/818 809/5/818
f 809/5/818 813/5/818 818/5/818
f 818/5/818 822/5/818 826/5/818
f 826/5/818 809/5/818 818/5/818
f 825/5/819 807/5/819 828/5/819
f 807/5/819 810/5/819 808/5/819
f 810/5/819 814/5/819 812/5/819
f 814/5/819 817/5/819 815/5/819
f 817/5/819 821/5/819 819/5/819
f 821/5/819 825/5/819 823/5/819
f 825/5/819 810/5/819 807/5/819
f 810/5/819 817/5/819 814/5/819
f 817/5/819 825/5/819 821/5/819
f 825/5/819 817/5/819 810/5/819
f 829/5/820 830/5/820 831/5/820
f 830/5/821 832/5/821 831/5/821
f 832/5/822 833/5/822 831/5/822
f 833/5/823 834/5/823 831/5/823
f 834/5/824 835/5/824 831/5/824
f 835/5/825 836/5/825 831/5/825
f 836/5/826 837/5/826 831/5/826
f 837/5/827 838/5/827 831/5/827
f 838/5/828 839/5/828 831/5/828
f 839/5/829 840/5/829 831/5/829
f 840/5/830 841/5/830 831/5/830
f 841/5/831 829/5/831 831/5/831
f 842/5/832 829/5/832 843/5/832
f 829/5/832 842/5/832 830/5/832
f 844/5/833 830/5/833 842/5/833
f 830/5/833 844/5/833 832/5/833
f 845/5/834 832/5/834 844/5/834
f 832/5/834 845/5/834 833/5/834
f 846/5/835 833/5/835 845/5/835
f 833/5/835 846/5/835 834/5/835
f 847/5/836 834/5/836 846/5/836
f 834/5/836 847/5/836 835/5/836
f 848/5/837 835/5/837 847/5/837
f 835/5/837 848/5/837 836/5/837
f 849/5/838 836/5/838 848/5/838
f 836/5/838 849/5/838 837/5/838
f 850/5/839 837/5/839 849/5/839
f 837/5/839 850/5/839 838/5/839
f 851/5/840 838/5/840 850/5/840
f 838/5/840 851/5/840 839/5/840
f 852/5/841 839/5/841 851/5/841
f 839/5/841 852/5/841 840/5/841
f 853/5/842 840/5/842 852/5/842
f 840/5/842 853/5/842 841/5/842
f 843/5/843 841/5/843 853/5/843
f 841/5/843 843/5/843 829/5/843
f 854/5/844 843/5/844 855/5/844
f 843/5/844 854/5/844 842/5/844
f 856/5/845 842/5/845 854/5/845
f 842/5/845 856/5/845 844/5/845
f 857/5/846 844/5/846 856/5/846
f 844/5/846 857/5/846 845/5/846
f 858/5/847 845/5/847 857/5/847
f 845/5/847 858/5/847 846/5/847
f 859/5/848 846/5/848 858/5/848
f 846/5/848 859/5/848 847/5/848
f 860/5/849 847/5/849 859/5/849
f 847/5/849 860/5/849 848/5/849
f 861/5/850 848/5/850 860/5/850
f 848/5/850 861/5/850 849/5/850
f 862/5/851 849/5/851 861/5/851
f 849/5/851 862/5/851 850/5/851
f 863/5/852 850/5/852 862/5/852
f 850/5/852 863/5/852 851/5/852
f 864/5/853 851/5/853 863/5/853
f 851/5/853 864/5/853 852/5/853
f 865/5/854 852/5/854 864/5/854
f 852/5/854 865/5/854 853/5/854
f 855/5/855 853/5/855 865/5/855
f 853/5/855 855/5/855 843/5/855
f 866/5/856 855/5/856 867/5/856
f 855/5/856 866/5/856 854/5/856
f 868/5/857 854/5/857 866/5/857
f 854/5/857 868/5/857 856/5/857
f 869/5/858 856/5/858 868/5/858
f 856/5/858 869/5/858 857/5/858
f 858/5/859 857/5/859 869/5/859
f 869/5/859 870/5/859 858/5/859
f 859/5/860 858/5/860 870/5/860
f 870/5/860 871/5/860 859/5/860
f 860/5/861 859/5/861 871/5/861
f 871/5/861 872/5/861 860/5/861
f 861/5/862 860/5/862 872/5/862
f 872/5/862 873/5/862 861/5/862
f 862/5/863 861/5/863 873/5/863
f 873/5/863 874/5/863 862/5/863
f 863/5/864 862/5/864 874/5/864
f 874/5/864 875/5/864 863/5/864
f 876/5/865 863/5/865 875/5/865
f 863/5/865 876/5/865 864/5/865
f 877/5/866 864/5/866 876/5/866
f 864/5/866 877/5/866 865/5/866
f 867/5/867 865/5/867 877/5/867
f 865/5/867 867/5/867 855/5/867
f 878/5/868 867/5/868 879/5/868
f 867/5/868 878/5/868 866/5/868
f 880/5/869 866/5/869 878/5/869
f 866/5/869 880/5/869 868/5/869
f 881/5/870 868/5/870 880/5/870
f 868/5/870 881/5/870 869/5/870
f 870/5/871 869/5/871 881/5/871
f 881/5/871 882/5/871 870/5/871
f 871/5/872 870/5/872 882/5/872
f 882/5/872 883/5/872 871/5/872
f 872/5/873 871/5/873 883/5/873
f 883/5/873 884/5/873 872/5/873
f 873/5/874 872/5/874 884/5/874
f 884/5/874 885/5/874 873/5/874
f 874/5/875 873/5/875 885/5/875
f 885/5/875 886/5/875 874/5/875
f 875/5/876 874/5/876 886/5/876
f 886/5/876 887/5/876 875/5/876
f 888/5/877 875/5/877 887/5/877
f 875/5/877 888/5/877 876/5/877
f 889/5/878 876/5/878 888/5/878
f 876/5/878 889/5/878 877/5/878
f 879/5/879 877/5/879 889/5/879
f 877/5/879 879/5/879 867/5/879
f 890/5/880 879/5/880 891/5/880
f 879/5/880 890/5/880 878/5/880
f 892/5/881 878/5/881 890/5/881
f 878/5/881 892/5/881 880/5/881
f 893/5/882 880/5/882 892/5/882
f 880/5/882 893/5/882 881/5/882
f 882/5/883 881/5/883 893/5/883
f 893/5/883 894/5/883 882/5/883
f 883/5/884 882/5/884 894/5/884
f 894/5/884 895/5/884 883/5/884
f 884/5/885 883/5/885 895/5/885
f 895/5/885 896/5/885 884/5/885
f 885/5/886 884/5/886 896/5/886
f 896/5/886 897/5/886 885/5/886
f 886/5/887 885/5/887 897/5/887
f 897/5/887 898/5/887 886/5/887
f 887/5/888 886/5/888 898/5/888
f 898/5/888 899/5/888 887/5/888
f 900/5/889 887/5/889 899/5/889
f 887/5/889 900/5/889 888/5/889
f 901/5/890 888/5/890 900/5/890
f 888/5/890 901/5/890 889/5/890
f 891/5/891 889/5/891 901/5/891
f 889/5/891 891/5/891 879/5/891
f 890/5/892 891/5/892 902/5/892
f 902/5/892 903/5/892 890/5/892
f 892/5/893 890/5/893 903/5/893
f 903/5/893 904/5/893 892/5/893
f 893/5/894 892/5/894 904/5/894
f 904/5/894 905/5/894 893/5/894
f 906/5/895 893/5/895 905/5/895
f 893/5/895 906/5/895 894/5/895
f 907/5/896 894/5/896 906/5/896
f 894/5/896 907/5/896 895/5/896
f 908/5/897 895/5/897 907/5/897
f 895/5/897 908/5/897 896/5/897
f 909/5/898 896/5/898 908/5/898
f 896/5/898 909/5/898 897/5/898
f 910/5/899 897/5/899 909/5/899
f 897/5/899 910/5/899 898/5/899
f 911/5/900 898/5/900 910/5/900
f 898/5/900 911/5/900 899/5/900
f 900/5/901 899/5/901 911/5/901
f 911/5/901 912/5/901 900/5/901
f 901/5/902 900/5/902 912/5/902
f 912/5/902 913/5/902 901/5/902
f 891/5/903 901/5/903 913/5/903
f 913/5/903 902/5/903 891/5/903
f 903/5/904 902/5/904 914/5/904
f 914/5/904 915/5/904 903/5/904
f 904/5/905 903/5/905 915/5/905
f 915/5/905 916/5/905 904/5/905
f 905/5/906 904/5/906 916/5/906
f 916/5/906 917/5/906 905/5/906
f 906/5/907 905/5/907 917/5/907
f 917/5/907 918/5/907 906/5/907
f 907/5/908 906/5/908 918/5/908
f 918/5/908 919/5/908 907/5/908
f 908/5/909 907/5/909 919/5/909
f 919/5/909 920/5/909 908/5/909
f 909/5/910 908/5/910 920/5/910
f 920/5/910 921/5/910 909/5/910
f 910/5/911 909/5/911 921/5/911
f 921/5/911 922/5/911 910/5/911
f 911/5/912 910/5/912 922/5/912
f 922/5/912 923/5/912 911/5/912
f 912/5/913 911/5/913 923/5/913
f 923/5/913 924/5/913 912/5/913
f 913/5/914 912/5/914 924/5/914
f 924/5/914 925/5/914 913/5/914
f 902/5/915 913/5/915 925/5/915
f 925/5/915 914/5/915 902/5/915
f 926/5/916 915/5/916 914/5/916
f 926/5/917 916/5/917 915/5/917
f 926/5/918 917/5/918 916/5/918
f 926/5/919 918/5/919 917/5/919
f 926/5/920 919/5/920 918/5/920
f 926/5/921 920/5/921 919/5/921
f 926/5/922 921/5/922 920/5/922
f 926/5/923 922/5/923 921/5/923
f 926/5/924 923/5/924 922/5/924
f 926/5/925 924/5/925 923/5/925
f 926/5/926 925/5/926 924/5/926
f 926/5/927 914/5/927 925/5/927
f 927/5/928 928/5/928 929/5/928
f 929/5/928 930/5/928 927/5/928
f 931/5/929 927/5/929 930/5/929
f 930/5/929 932/5/929 931/5/929
f 933/5/930 931/5/930 932/5/930
f 932/5/930 934/5/930 933/5/930
f 935/5/931 933/5/931 934/5/931
f 933/5/931 935/5/931 936/5/931
f 937/5/932 936/5/932 935/5/932
f 936/5/932 937/5/932 938/5/932
f 939/5/933 938/5/933 937/5/933
f 938/5/933 939/5/933 940/5/933
f 941/5/934 940/5/934 939/5/934
f 940/5/934 941/5/934 942/5/934
f 943/5/935 942/5/935 941/5/935
f 942/5/935 943/5/935 944/5/935
f 945/5/936 944/5/936 943/5/936
f 944/5/936 945/5/936 946/5/936
f 947/5/937 946/5/937 945/5/937
f 945/5/937 948/5/937 947/5/937
f 949/5/938 947/5/938 948/5/938
f 948/5/938 950/5/938 949/5/938
f 928/5/939 949/5/939 950/5/939
f 950/5/939 929/5/939 928/5/939
f 947/5/940 949/5/940 928/5/940
f 928/5/940 927/5/940 931/5/940
f 931/5/940 933/5/940 936/5/940
f 936/5/940 938/5/940 940/5/940
f 940/5/940 942/5/940 944/5/940
f 944/5/940 946/5/940 947/5/940
f 947/5/940 928/5/940 931/5/940
f 931/5/940 936/5/940 940/5/940
f 940/5/940 944/5/940 947/5/940
f 947/5/940 931/5/940 940/5/940
f 948/5/941 929/5/941 950/5/941
f 929/5/941 932/5/941 930/5/941
f 932/5/941 935/5/941 934/5/941
f 935/5/941 939/5/941 937/5/941
f 939/5/941 943/5/941 941/5/941
f 943/5/941 948/5/941 945/5/941
f 948/5/941 932/5/941 929/5/941
f 932/5/941 939/5/941 935/5/941
f 939/5/941 948/5/941 943/5/941
f 948/5/941 939/5/941 932/5/941
f 951/5/942 952/5/942 953/5/942
f 952/5/943 954/5/943 953/5/943
f 954/5/944 955/5/944 953/5/944
f 955/5/945 956/5/945 953/5/945
f 956/5/946 957/5/946 953/5/946
f 957/5/947 958/5/947 953/5/947
f 958/5/948 959/5/948 953/5/948
f 959/5/949 960/5/949 953/5/949
f 960/5/950 961/5/950 953/5/950
f 961/5/951 962/5/951 953/5/951
f 962/5/952 963/5/952 953/5/952
f 963/5/953 951/5/953 953/5/953
f 964/5/954 951/5/954 965/5/954
f 951/5/954 964/5/954 952/5/954
f 966/5/955 952/5/955 964/5/955
f 952/5/955 966/5/955 954/5/955
f 967/5/956 954/5/956 966/5/956
f 954/5/956 967/5/956 955/5/956
f 968/5/957 955/5/957 967/5/957
f 955/5/957 968/5/957 956/5/957
f 969/5/958 956/5/958 968/5/958
f 956/5/958 969/5/958 957/5/958
f 970/5/959 957/5/959 969/5/959
f 957/5/959 970/5/959 958/5/959
f 971/5/960 958/5/960 970/5/960
f 958/5/960 971/5/960 959/5/960
f 972/5/961 959/5/961 971/5/961
f 959/5/961 972/5/961 960/5/961
f 973/5/962 960/5/962 972/5/962
f 960/5/962 973/5/962 961/5/962
f 974/5/963 961/5/963 973/5/963
f 961/5/963 974/5/963 962/5/963
f 975/5/964 962/5/964 974/5/964
f 962/5/964 975/5/964 963/5/964
f 965/5/965 963/5/965 975/5/965
f 963/5/965 965/5/965 951/5/965
f 976/5/966 965/5/966 977/5/966
f 965/5/966 976/5/966 964/5/966
f 978/5/967 964/5/967 976/5/967
f 964/5/967 978/5/967 966/5/967
f 979/5/968 966/5/968 978/5/968
f 966/5/968 979/5/968 967/5/968
f 980/5/969 967/5/969 979/5/969
f 967/5/969 980/5/969 968/5/969
f 981/5/970 968/5/970 980/5/970
f 968/5/970 981/5/970 969/5/970
f 982/5/971 969/5/971 981/5/971
f 969/5/971 982/5/971 970/5/971
f 983/5/972 970/5/972 982/5/972
f 970/5/972 983/5/972 971/5/972
f 984/5/973 971/5/973 983/5/973
f 971/5/973 984/5/973 972/5/973
f 985/5/974 972/5/974 984/5/974
f 972/5/974 985/5/974 973/5/974
f 986/5/975 973/5/975 985/5/975
f 973/5/975 986/5/975 974/5/975
f 987/5/976 974/5/976 986/5/976
f 974/5/976 987/5/976 975/5/976
f 977/5/977 975/5/977 987/5/977
f 975/5/977 977/5/977 965/5/977
f 988/5/978 977/5/978 989/5/978
f 977/5/978 988/5/978 976/5/978
f 990/5/979 976/5/979 988/5/979
f 976/5/979 990/5/979 978/5/979
f 979/5/980 978/5/980 990/5/980
f 990/5/980 991/5/980 979/5/980
f 980/5/981 979/5/981 991/5/981
f 991/5/981 992/5/981 980/5/981
f 981/5/982 980/5/982 992/5/982
f 992/5/982 993/5/982 981/5/982
f 982/5/983 981/5/983 993/5/983
f 993/5/983 994/5/983 982/5/983
f 983/5/984 982/5/984 994/5/984
f 994/5/984 995/5/984 983/5/984
f 984/5/985 983/5/985 995/5/985
f 995/5/985 996/5/985 984/5/985
f 997/5/986 984/5/986 996/5/986
f 984/5/986 997/5/986 985/5/986
f 998/5/987 985/5/987 997/5/987
f 985/5/987 998/5/987 986/5/987
f 999/5/988 986/5/988 998/5/988
f 986/5/988 999/5/988 987/5/988
f 989/5/989 987/5/989 999/5/989
f 987/5/989 989/5/989 977/5/989
f 1000/5/990 989/5/990 1001/5/990
f 989/5/990 1000/5/990 988/5/990
f 1002/5/991 988/5/991 1000/5/991
f 988/5/991 1002/5/991 990/5/991
f 991/5/992 990/5/992 1002/5/992
f 1002/5/992 1003/5/992 991/5/992
f 992/5/993 991/5/993 1003/5/993
f 1003/5/993 1004/5/993 992/5/993
f 993/5/994 992/5/994 1004/5/994
f 1004/5/994 1005/5/994 993/5/994
f 994/5/995 993/5/995 1005/5/995
f 1005/5/995 1006/5/995 994/5/995
f 995/5/996 994/5/996 1006/5/996
f 1006/5/996 1007/5/996 995/5/996
f 996/5/997 995/5/997 1007/5/997
f 1007/5/997 1008/5/997 996/5/997
f 1009/5/998 996/5/998 1008/5/998
f 996/5/998 1009/5/998 997/5/998
f 1010/5/999 997/5/999 1009/5/999
f 997/5/999 1010/5/999 998/5/999
f 1011/5/1000 998/5/1000 1010/5/1000
f 998/5/1000 1011/5/1000 999/5/1000
f 1001/5/1001 999/5/1001 1011/5/1001
f 999/5/1001 1001/5/1001 989/5/1001
f 1012/5/1002 1001/5/1002 1013/5/1002
f 1001/5/1002 1012/5/1002 1000/5/1002
f 1014/5/1003 1000/5/1003 1012/5/1003
f 1000/5/1003 1014/5/1003 1002/5/1003
f 1003/5/1004 1002/5/1004 1014/5/1004
f 1014/5/1004 1015/5/1004 1003/5/1004
f 1004/5/1005 1003/5/1005 1015/5/1005
f 1015/5/1005 1016/5/1005 1004/5/1005
f 1005/5/1006 1004/5/1006 1016/5/1006
f 1016/5/1006 1017/5/1006 1005/5/1006
f 1006/5/1007 1005/5/1007 1017/5/1007
f 1017/5/1007 1018/5/1007 1006/5/1007
f 1007/5/1008 1006/5/1008 1018/5/1008
f 1018/5/1008 1019/5/1008 1007/5/1008
f 1008/5/1009 1007/5/1009 1019/5/1009
f 1019/5/1009 1020/5/1009 1008/5/1009
f 1021/5/1010 1008/5/1010 1020/5/1010
f 1008/5/1010 1021/5/1010 1009/5/1010
f 1022/5/1011 1009/5/1011 1021/5/1011
f 1009/5/1011 1022/5/1011 1010/5/1011
f 1023/5/1012 1010/5/1012 1022/5/1012
f 1010/5/1012 1023/5/1012 1011/5/1012
f 1013/5/1013 1011/5/1013 1023/5/1013
f 1011/5/1013 1013/5/1013 1001/5/1013
f 1012/5/1014 1013/5/1014 1024/5/1014
f 1024/5/1014 1025/5/1014 1012/5/1014
f 1014/5/1015 1012/5/1015 1025/5/1015
f 1025/5/1015 1026/5/1015 1014/5/1015
f 1027/5/1016 1014/5/1016 1026/5/1016
f 1014/5/1016 1027/5/1016 1015/5/1016
f 1028/5/1017 1015/5/1017 1027/5/1017
f 1015/5/1017 1028/5/1017 1016/5/1017
f 1029/5/1018 1016/5/1018 1028/5/1018
f 1016/5/1018 1029/5/1018 1017/5/1018
f 1030/5/1019 1017/5/1019 1029/5/1019
f 1017/5/1019 1030/5/1019 1018/5/1019
f 1031/5/1020 1018/5/1020 1030/5/1020
f 1018/5/1020 1031/5/1020 1019/5/1020
f 1032/5/1021 1019/5/1021 1031/5/1021
f 1019/5/1021 1032/5/1021 1020/5/1021
f 1021/5/1022 1020/5/1022 1032/5/1022
f 1032/5/1022 1033/5/1022 1021/5/1022
f 1022/5/1023 1021/5/1023 1033/5/1023
f 1033/5/1023 1034/5/1023 1022/5/1023
f 1023/5/1024 1022/5/1024 1034/5/1024
f 1034/5/1024 1035/5/1024 1023/5/1024
f 1013/5/1025 1023/5/1025 1035/5/1025
f 1035/5/1025 1024/5/1025 1013/5/1025
f 1025/5/1026 1024/5/1026 1036/5/1026
f 1036/5/1026 1037/5/1026 1025/5/1026
f 1026/5/1027 1025/5/1027 1037/5/1027
f 1037/5/1027 1038/5/1027 1026/5/1027
f 1027/5/1028 1026/5/1028 1038/5/1028
f 1038/5/1028 1039/5/1028 1027/5/1028
f 1028/5/1029 1027/5/1029 1039/5/1029
f 1039/5/1029 1040/5/1029 1028/5/1029
f 1029/5/1030 1028/5/1030 1040/5/1030
f 1040/5/1030 1041/5/1030 1029/5/1030
f 1030/5/1031 1029/5/1031 1041/5/1031
f 1041/5/1031 1042/5/1031 1030/5/1031
f 1031/5/1032 1030/5/1032 1042/5/1032
f 1042/5/1032 1043/5/1032 1031/5/1032
f 1032/5/1033 1031/5/1033 1043/5/1033
f 1043/5/1033 1044/5/1033 1032/5/1033
f 1033/5/1034 1032/5/1034 1044/5/1034
f 1044/5/1034 1045/5/1034 1033/5/1034
f 1034/5/1035 1033/5/1035 1045/5/1035
f 1045/5/1035 1046/5/1035 1034/5/1035
f 1035/5/1036 1034/5/1036 1046/5/1036
f 1046/5/1036 1047/5/1036 1035/5/1036
f 1024/5/1037 1035/5/1037 1047/5/1037
f 1047/5/1037 1036/5/1037 1024/5/1037
f 1048/5/1038 1037/5/1038 1036/5/1038
f 1048/5/1039 1038/5/1039 1037/5/1039
f 1048/5/1040 1039/5/1040 1038/5/1040
f 1048/5/1041 1040/5/1041 1039/5/1041
f 1048/5/1042 1041/5/1042 1040/5/1042
f 1048/5/1043 1042/5/1043 1041/5/1043
f 1048/5/1044 1043/5/1044 1042/5/1044
f 1048/5/1045 1044/5/1045 1043/5/1045
f 1048/5/1046 1045/5/1046 1044/5/1046
f 1048/5/1047 1046/5/1047 1045/5/1047
f 1048/5/1048 1047/5/1048 1046/5/1048
f 1048/5/1049 1036/5/1049 1047/5/1049
f 1049/5/1050 1050/5/1050 1051/5/1050
f 1051/5/1050 1052/5/1050 1049/5/1050
f 1053/5/1051 1049/5/1051 1052/5/1051
f 1052/5/1051 1054/5/1051 1053/5/1051
f 1055/5/1052 1053/5/1052 1054/5/1052
f 1054/5/1052 1056/5/1052 1055/5/1052
f 1057/5/1053 1055/5/1053 1056/5/1053
f 1056/5/1053 1058/5/1053 1057/5/1053
f 1059/5/1054 1057/5/1054 1058/5/1054
f 1057/5/1054 1059/5/1054 1060/5/1054
f 1061/5/1055 1060/5/1055 1059/5/1055
f 1060/5/1055 1061/5/1055 1062/5/1055
f 1063/5/1056 1062/5/1056 1061/5/1056
f 1062/5/1056 1063/5/1056 1064/5/1056
f 1065/5/1057 1064/5/1057 1063/5/1057
f 1064/5/1057 1065/5/1057 1066/5/1057
f 1067/5/1058 1066/5/1058 1065/5/1058
f 1066/5/1058 1067/5/1058 1068/5/1058
f 1069/5/1059 1068/5/1059 1067/5/1059
f 1068/5/1059 1069/5/1059 1070/5/1059
f 1071/5/1060 1070/5/1060 1069/5/1060
f 1069/5/1060 1072/5/1060 1071/5/1060
f 1050/5/1061 1071/5/1061 1072/5/1061
f 1072/5/1061 1051/5/1061 1050/5/1061
f 1070/5/1062 1071/5/1062 1050/5/1062
f 1050/5/1062 1049/5/1062 1053/5/1062
f 1053/5/1062 1055/5/1062 1057/5/1062
f 1057/5/1062 1060/5/1062 1062/5/1062
f 1062/5/1062 1064/5/1062 1066/5/1062
f 1066/5/1062 1068/5/1062 1070/5/1062
f 1070/5/1062 1050/5/1062 1053/5/1062
f 1053/5/1062 1057/5/1062 1062/5/1062
f 1062/5/1062 1066/5/1062 1070/5/1062
f 1070/5/1062 1053/5/1062 1062/5/1062
f 1069/5/1063 1051/5/1063 1072/5/1063
f 1051/5/1063 1054/5/1063 1052/5/1063
f 1054/5/1063 1058/5/1063 1056/5/1063
f 1058/5/1063 1061/5/1063 1059/5/1063
f 1061/5/1063 1065/5/1063 1063/5/1063
f 1065/5/1063 1069/5/1063 1067/5/1063
f 1069/5/1063 1054/5/1063 1051/5/1063
f 1054/5/1063 1061/5/1063 1058/5/1063
f 1061/5/1063 1069/5/1063 1065/5/1063
f 1069/5/1063 1061/5/1063 1054/5/1063
f 1073/5/1064 1074/5/1064 1075/5/1064
f 1074/5/1065 1076/5/1065 1075/5/1065
f 1076/5/1066 1077/5/1066 1075/5/1066
f 1077/5/1067 1078/5/1067 1075/5/1067
f 1078/5/1068 1079/5/1068 1075/5/1068
f 1079/5/1069 1080/5/1069 1075/5/1069
f 1080/5/1070 1081/5/1070 1075/5/1070
f 1081/5/1071 1082/5/1071 1075/5/1071
f 1082/5/1072 1083/5/1072 1075/5/1072
f 1083/5/1073 1084/5/1073 1075/5/1073
f 1084/5/1074 1085/5/1074 1075/5/1074
f 1085/5/1075 1073/5/1075 1075/5/1075
f 1086/5/1076 1073/5/1076 1087/5/1076
f 1073/5/1076 1086/5/1076 1074/5/1076
f 1088/5/1077 1074/5/1077 1086/5/1077
f 1074/5/1077 1088/5/1077 1076/5/1077
f 1089/5/1078 1076/5/1078 1088/5/1078
f 1076/5/1078 1089/5/1078 1077/5/1078
f 1090/5/1079 1077/5/1079 1089/5/1079
f 1077/5/1079 1090/5/1079 1078/5/1079
f 1091/5/1080 1078/5/1080 1090/5/1080
f 1078/5/1080 1091/5/1080 1079/5/1080
f 1092/5/1081 1079/5/1081 1091/5/1081
f 1079/5/1081 1092/5/1081 1080/5/1081
f 1093/5/1082 1080/5/1082 1092/5/1082
f 1080/5/1082 1093/5/1082 1081/5/1082
f 1094/5/1083 1081/5/1083 1093/5/1083
f 1081/5/1083 1094/5/1083 1082/5/1083
f 1095/5/1084 1082/5/1084 1094/5/1084
f 1082/5/1084 1095/5/1084 1083/5/1084
f 1096/5/1085 1083/5/1085 1095/5/1085
f 1083/5/1085 1096/5/1085 1084/5/1085
f 1097/5/1086 1084/5/1086 1096/5/1086
f 1084/5/1086 1097/5/1086 1085/5/1086
f 1087/5/1087 1085/5/1087 1097/5/1087
f 1085/5/1087 1087/5/1087 1073/5/1087
f 1098/5/1088 1087/5/1088 1099/5/1088
f 1087/5/1088 1098/5/1088 1086/5/1088
f 1100/5/1089 1086/5/1089 1098/5/1089
f 1086/5/1089 1100/5/1089 1088/5/1089
f 1101/5/1090 1088/5/1090 1100/5/1090
f 1088/5/1090 1101/5/1090 1089/5/1090
f 1102/5/1091 1089/5/1091 1101/5/1091
f 1089/5/1091 1102/5/1091 1090/5/1091
f 1103/5/1092 1090/5/1092 1102/5/1092
f 1090/5/1092 1103/5/1092 1091/5/1092
f 1104/5/1093 1091/5/1093 1103/5/1093
f 1091/5/1093 1104/5/1093 1092/5/1093
f 1105/5/1094 1092/5/1094 1104/5/1094
f 1092/5/1094 1105/5/1094 1093/5/1094
f 1106/5/1095 1093/5/1095 1105/5/1095
f 1093/5/1095 1106/5/1095 1094/5/1095
f 1107/5/1096 1094/5/1096 1106/5/1096
f 1094/5/1096 1107/5/1096 1095/5/1096
f 1108/5/1097 1095/5/1097 1107/5/1097
f 1095/5/1097 1108/5/1097 1096/5/1097
f 1109/5/1098 1096/5/1098 1108/5/1098
f 1096/5/1098 1109/5/1098 1097/5/1098
f 1099/5/1099 1097/5/1099 1109/5/1099
f 1097/5/1099 1099/5/1099 1087/5/1099
f 1110/5/1100 1099/5/1100 1111/5/1100
f 1099/5/1100 1110/5/1100 1098/5/1100
f 1100/5/1101 1098/5/1101 1110/5/1101
f 1110/5/1101 1112/5/1101 1100/5/1101
f 1101/5/1102 1100/5/1102 1112/5/1102
f 1112/5/1102 1113/5/1102 1101/5/1102
f 1102/5/1103 1101/5/1103 1113/5/1103
f 1113/5/1103 1114/5/1103 1102/5/1103
f 1103/5/1104 1102/5/1104 1114/5/1104
f 1114/5/1104 1115/5/1104 1103/5/1104
f 1104/5/1105 1103/5/1105 1115/5/1105
f 1115/5/1105 1116/5/1105 1104/5/1105
f 1105/5/1106 1104/5/1106 1116/5/1106
f 1116/5/1106 1117/5/1106 1105/5/1106
f 1118/5/1107 1105/5/1107 1117/5/1107
f 1105/5/1107 1118/5/1107 1106/5/1107
f 1119/5/1108 1106/5/1108 1118/5/1108
f 1106/5/1108 1119/5/1108 1107/5/1108
f 1120/5/1109 1107/5/1109 1119/5/1109
f 1107/5/1109 1120/5/1109 1108/5/1109
f 1121/5/1110 1108/5/1110 1120/5/1110
f 1108/5/1110 1121/5/1110 1109/5/1110
f 1111/5/1111 1109/5/1111 1121/5/1111
f 1109/5/1111 1111/5/1111 1099/5/1111
f 1122/5/1112 1111/5/1112 1123/5/1112
f 1111/5/1112 1122/5/1112 1110/5/1112
f 1112/5/1113 1110/5/1113 1122/5/1113
f 1122/5/1113 1124/5/1113 1112/5/1113
f 1113/5/1114 1112/5/1114 1124/5/1114
f 1124/5/1114 1125/5/1114 1113/5/1114
f 1114/5/1115 1113/5/1115 1125/5/1115
f 1125/5/1115 1126/5/1115 1114/5/1115
f 1115/5/1116 1114/5/1116 1126/5/1116
f 1126/5/1116 1127/5/1116 1115/5/1116
f 1116/5/1117 1115/5/1117 1127/5/1117
f 1127/5/1117 1128/5/1117 1116/5/1117
f 1117/5/1118 1116/5/1118 1128/5/1118
f 1128/5/1118 1129/5/1118 1117/5/1118
f 1130/5/1119 1117/5/1119 1129/5/1119
f 1117/5/1119 1130/5/1119 1118/5/1119
f 1131/5/1120 1118/5/1120 1130/5/1120
f 1118/5/1120 1131/5/1120 1119/5/1120
f 1132/5/1121 1119/5/1121 1131/5/1121
f 1119/5/1121 1132/5/1121 1120/5/1121
f 1133/5/1122 1120/5/1122 1132/5/1122
f 1120/5/1122 1133/5/1122 1121/5/1122
f 1123/5/1123 1121/5/1123 1133/5/1123
f 1121/5/1123 1123/5/1123 1111/5/1123
f 1134/5/1124 1123/5/1124 1135/5/1124
f 1123/5/1124 1134/5/1124 1122/5/1124
f 1124/5/1125 1122/5/1125 1134/5/1125
f 1134/5/1125 1136/5/1125 1124/5/1125
f 1125/5/1126 1124/5/1126 1136/5/1126
f 1136/5/1126 1137/5/1126 1125/5/1126
f 1126/5/1127 1125/5/1127 1137/5/1127
f 1137/5/1127 1138/5/1127 1126/5/1127
f 1127/5/1128 1126/5/1128 1138/5/1128
f 1138/5/1128 1139/5/1128 1127/5/1128
f 1128/5/1129 1127/5/1129 1139/5/1129
f 1139/5/1129 1140/5/1129 1128/5/1129
f 1129/5/1130 1128/5/1130 1140/5/1130
f 1140/5/1130 1141/5/1130 1129/5/1130
f 1142/5/1131 1129/5/1131 1141/5/1131
f 1129/5/1131 1142/5/1131 1130/5/1131
f 1143/5/1132 1130/5/1132 1142/5/1132
f 1130/5/1132 1143/5/1132 1131/5/1132
f 1144/5/1133 1131/5/1133 1143/5/1133
f 1131/5/1133 1144/5/1133 1132/5/1133
f 1145/5/1134 1132/5/1134 1144/5/1134
f 1132/5/1134 1145/5/1134 1133/5/1134
f 1135/5/1135 1133/5/1135 1145/5/1135
f 1133/5/1135 1135/5/1135 1123/5/1135
f 1134/5/1136 1135/5/1136 1146/5/1136
f 1146/5/1136 1147/5/1136 1134/5/1136
f 1148/5/1137 1134/5/1137 1147/5/1137
f 1134/5/1137 1148/5/1137 1136/5/1137
f 1149/5/1138 1136/5/1138 1148/5/1138
f 1136/5/1138 1149/5/1138 1137/5/1138
f 1150/5/1139 1137/5/1139 1149/5/1139
f 1137/5/1139 1150/5/1139 1138/5/1139
f 1151/5/1140 1138/5/1140 1150/5/1140
f 1138/5/1140 1151/5/1140 1139/5/1140
f 1152/5/1141 1139/5/1141 1151/5/1141
f 1139/5/1141 1152/5/1141 1140/5/1141
f 1153/5/1142 1140/5/1142 1152/5/1142
f 1140/5/1142 1153/5/1142 1141/5/1142
f 1142/5/1143 1141/5/1143 1153/5/1143
f 1153/5/1143 1154/5/1143 1142/5/1143
f 1143/5/1144 1142/5/1144 1154/5/1144
f 1154/5/1144 1155/5/1144 1143/5/1144
f 1144/5/1145 1143/5/1145 1155/5/1145
f 1155/5/1145 1156/5/1145 1144/5/1145
f 1145/5/1146 1144/5/1146 1156/5/1146
f 1156/5/1146 1157/5/1146 1145/5/1146
f 1135/5/1147 1145/5/1147 1157/5/1147
f 1157/5/1147 1146/5/1147 1135/5/1147
f 1147/5/1148 1146/5/1148 1158/5/1148
f 1158/5/1148 1159/5/1148 1147/5/1148
f 1148/5/1149 1147/5/1149 1159/5/1149
f 1159/5/1149 1160/5/1149 1148/5/1149
f 1149/5/1150 1148/5/1150 1160/5/1150
f 1160/5/1150 1161/5/1150 1149/5/1150
f 1150/5/1151 1149/5/1151 1161/5/1151
f 1161/5/1151 1162/5/1151 1150/5/1151
f 1151/5/1152 1150/5/1152 1162/5/1152
f 1162/5/1152 1163/5/1152 1151/5/1152
f 1152/5/1153 1151/5/1153 1163/5/1153
f 1163/5/1153 1164/5/1153 1152/5/1153
f 1153/5/1154 1152/5/1154 1164/5/1154
f 1164/5/1154 1165/5/1154 1153/5/1154
f 1154/5/1155 1153/5/1155 1165/5/1155
f 1165/5/1155 1166/5/1155 1154/5/1155
f 1155/5/1156 1154/5/1156 1166/5/1156
f 1166/5/1156 1167/5/1156 1155/5/1156
f 1156/5/1157 1155/5/1157 1167/5/1157
f 1167/5/1157 1168/5/1157 1156/5/1157
f 1157/5/1158 1156/5/1158 1168/5/1158
f 1168/5/1158 1169/5/1158 1157/5/1158
f 1146/5/1159 1157/5/1159 1169/5/1159
f 1169/5/1159 1158/5/1159 1146/5/1159
f 1170/5/1160 1159/5/1160 1158/5/1160
f 1170/5/1161 1160/5/1161 1159/5/1161
f 1170/5/1162 1161/5/1162 1160/5/1162
f 1170/5/1163 1162/5/1163 1161/5/1163
f 1170/5/1164 1163/5/1164 1162/5/1164
f 1170/5/1165 1164/5/1165 1163/5/1165
f 1170/5/1166 1165/5/1166 1164/5/1166
f 1170/5/1167 1166/5/1167 1165/5/1167
f 1170/5/1168 1167/5/1168 1166/5/1168
f 1170/5/1169 1168/5/1169 1167/5/1169
f 1170/5/1170 1169/5/1170 1168/5/1170
f 1170/5/1171 1158/5/1171 1169/5/1171
f 1171/5/1172 1172/5/1172 1173/5/1172
f 1173/5/1172 1174/5/1172 1171/5/1172
f 1175/5/1173 1171/5/1173 1174/5/1173
f 1174/5/1173 1176/5/1173 1175/5/1173
f 1177/5/1174 1175/5/1174 1176/5/1174
f 1176/5/1174 1178/5/1174 1177/5/1174
f 1179/5/1175 1177/5/1175 1178/5/1175
f 1178/5/1175 1180/5/1175 1179/5/1175
f 1181/5/1176 1179/5/1176 1180/5/1176
f 1180/5/1176 1182/5/1176 1181/5/1176
f 1183/5/1177 1181/5/1177 1182/5/1177
f 1181/5/1177 1183/5/1177 1184/5/1177
f 1185/5/1178 1184/5/1178 1183/5/1178
f 1184/5/1178 1185/5/1178 1186/5/1178
f 1187/5/1179 1186/5/1179 1185/5/1179
f 1186/5/1179 1187/5/1179 1188/5/1179
f 1189/5/1180 1188/5/1180 1187/5/1180
f 1188/5/1180 1189/5/1180 1190/5/1180
f 1191/5/1181 1190/5/1181 1189/5/1181
f 1190/5/1181 1191/5/1181 1192/5/1181
f 1193/5/1182 1192/5/1182 1191/5/1182
f 1192/5/1182 1193/5/1182 1194/5/1182
f 1172/5/1183 1194/5/1183 1193/5/1183
f 1193/5/1183 1173/5/1183 1172/5/1183
f 1192/5/1184 1194/5/1184 1172/5/1184
f 1172/5/1184 1171/5/1184 1175/5/1184
f 1175/5/1184 1177/5/1184 1179/5/1184
f 1179/5/1184 1181/5/1184 1184/5/1184
f 1184/5/1184 1186/5/1184 1188/5/1184
f 1188/5/1184 1190/5/1184 1192/5/1184
f 1192/5/1184 1172/5/1184 1175/5/1184
f 1175/5/1184 1179/5/1184 1184/5/1184
f 1184/5/1184 1188/5/1184 1192/5/1184
f 1192/5/1184 1175/5/1184 1184/5/1184
f 1191/5/1185 1173/5/1185 1193/5/1185
f 1173/5/1185 1176/5/1185 1174/5/1185
f 1176/5/1185 1180/5/1185 1178/5/1185
f 1180/5/1185 1183/5/1185 1182/5/1185
f 1183/5/1185 1187/5/1185 1185/5/1185
f 1187/5/1185 1191/5/1185 1189/5/1185
f 1191/5/1185 1176/5/1185 1173/5/1185
f 1176/5/1185 1183/5/1185 1180/5/1185
f 1183/5/1185 1191/5/1185 1187/5/1185
f 1191/5/1185 1183/5/1185 1176/5/1185
f 1195/1/1186 1196/1/1186 1197/1/1186
f 1197/1/1186 1198/1/1186 1195/1/1186
f 1199/1/1187 1195/1/1187 1198/1/1187
f 1198/1/1187 1200/1/1187 1199/1/1187
f 1201/1/1188 1199/1/1188 1200/1/1188
f 1200/1/1188 1202/1/1188 1201/1/1188
f 1203/1/1189 1201/1/1189 1202/1/1189
f 1202/1/1189 1204/1/1189 1203/1/1189
f 1205/1/1190 1203/1/1190 1204/1/1190
f 1203/1/1190 1205/1/1190 1206/1/1190
f 1207/1/1191 1206/1/1191 1205/1/1191
f 1206/1/1191 1207/1/1191 1208/1/1191
f 1209/1/1192 1208/1/1192 1207/1/1192
f 1208/1/1192 1209/1/1192 1210/1/1192
f 1211/1/1193 1210/1/1193 1209/1/1193
f 1210/1/1193 1211/1/1193 1212/1/1193
f 1213/1/1194 1212/1/1194 1211/1/1194
f 1212/1/1194 1213/1/1194 1214/1/1194
f 1215/1/1195 1214/1/1195 1213/1/1195
f 1214/1/1195 1215/1/1195 1216/1/1195
f 1217/1/1196 1216/1/1196 1215/1/1196
f 1215/1/1196 1218/1/1196 1217/1/1196
f 1196/1/1197 1217/1/1197 1218/1/1197
f 1218/1/1197 1197/1/1197 1196/1/1197
f 1216/1/1198 1217/1/1198 1196/1/1198
f 1196/1/1198 1195/1/1198 1199/1/1198
f 1199/1/1198 1201/1/1198 1203/1/1198
f 1203/1/1198 1206/1/1198 1208/1/1198
f 1208/1/1198 1210/1/1198 1212/1/1198
f 1212/1/1198 1214/1/1198 1216/1/1198
f 1216/1/1198 1196/1/1198 1199/1/1198
f 1199/1/1198 1203/1/1198 1208/1/1198
f 1208/1/1198 1212/1/1198 1216/1/1198
f 1216/1/1198 1199/1/1198 1208/1/1198
f 1215/1/1199 1197/1/1199 1218/1/1199
f 1197/1/1199 1200/1/1199 1198/1/1199
f 1200/1/1199 1204/1/1199 1202/1/1199
f 1204/1/1199 1207/1/1199 1205/1/1199
f 1207/1/1199 1211/1/1199 1209/1/1199
f 1211/1/1199 1215/1/1199 1213/1/1199
f 1215/1/1199 1200/1/1199 1197/1/1199
f 1200/1/1199 1207/1/1199 1204/1/1199
f 1207/1/1199 1215/1/1199 1211/1/1199
f 1215/1/1199 1207/1/1199 1200/1/1199
f 1219/1/1200 1220/1/1200 1221/1/1200
f 1220/1/1201 1222/1/1201 1221/1/1201
f 1222/1/1202 1223/1/1202 1221/1/1202
f 1223/1/1203 1224/1/1203 1221/1/1203
f 1224/1/1204 1225/1/1204 1221/1/1204
f 1225/1/1205 1226/1/1205 1221/1/1205
f 1226/1/1206 1227/1/1206 1221/1/1206
f 1227/1/1207 1228/1/1207 1221/1/1207
f 1228/1/1208 1229/1/1208 1221/1/1208
f 1229/1/1209 1230/1/1209 1221/1/1209
f 1230/1/1210 1231/1/1210 1221/1/1210
f 1231/1/1211 1219/1/1211 1221/1/1211
f 1220/1/1212 1219/1/1212 1232/1/1212
f 1232/1/1212 1233/1/1212 1220/1/1212
f 1222/1/1213 1220/1/1213 1233/1/1213
f 1233/1/1213 1234/1/1213 1222/1/1213
f 1223/1/1214 1222/1/1214 1234/1/1214
f 1234/1/1214 1235/1/1214 1223/1/1214
f 1224/1/1215 1223/1/1215 1235/1/1215
f 1235/1/1215 1236/1/1215 1224/1/1215
f 1225/1/1216 1224/1/1216 1236/1/1216
f 1236/1/1216 1237/1/1216 1225/1/1216
f 1226/1/1217 1225/1/1217 1237/1/1217
f 1237/1/1217 1238/1/1217 1226/1/1217
f 1227/1/1218 1226/1/1218 1238/1/1218
f 1238/1/1218 1239/1/1218 1227/1/1218
f 1228/1/1219 1227/1/1219 1239/1/1219
f 1239/1/1219 1240/1/1219 1228/1/1219
f 1229/1/1220 1228/1/1220 1240/1/1220
f 1240/1/1220 1241/1/1220 1229/1/1220
f 1230/1/1221 1229/1/1221 1241/1/1221
f 1241/1/1221 1242/1/1221 1230/1/1221
f 1231/1/1222 1230/1/1222 1242/1/1222
f 1242/1/1222 1243/1/1222 1231/1/1222
f 1219/1/1223 1231/1/1223 1243/1/1223
f 1243/1/1223 1232/1/1223 1219/1/1223
f 1244/1/1224 1232/1/1224 1245/1/1224
f 1232/1/1224 1244/1/1224 1233/1/1224
f 1234/1/1225 1233/1/1225 1244/1/1225
f 1244/1/1225 1246/1/1225 1234/1/1225
f 1235/1/1226 1234/1/1226 1246/1/1226
f 1246/1/1226 1247/1/1226 1235/1/1226
f 1236/1/1227 1235/1/1227 1247/1/1227
f 1247/1/1227 1248/1/1227 1236/1/1227
f 1237/1/1228 1236/1/1228 1248/1/1228
f 1248/1/1228 1249/1/1228 1237/1/1228
f 1238/1/1229 1237/1/1229 1249/1/1229
f 1249/1/1229 1250/1/1229 1238/1/1229
f 1239/1/1230 1238/1/1230 1250/1/1230
f 1250/1/1230 1251/1/1230 1239/1/1230
f 1252/1/1231 1239/1/1231 1251/1/1231
f 1239/1/1231 1252/1/1231 1240/1/1231
f 1253/1/1232 1240/1/1232 1252/1/1232
f 1240/1/1232 1253/1/1232 1241/1/1232
f 1254/1/1233 1241/1/1233 1253/1/1233
f 1241/1/1233 1254/1/1233 1242/1/1233
f 1255/1/1234 1242/1/1234 1254/1/1234
f 1242/1/1234 1255/1/1234 1243/1/1234
f 1245/1/1235 1243/1/1235 1255/1/1235
f 1243/1/1235 1245/1/1235 1232/1/1235
f 1256/1/1236 1245/1/1236 1257/1/1236
f 1245/1/1236 1256/1/1236 1244/1/1236
f 1246/1/1237 1244/1/1237 1256/1/1237
f 1256/1/1237 1258/1/1237 1246/1/1237
f 1247/1/1238 1246/1/1238 1258/1/1238
f 1258/1/1238 1259/1/1238 1247/1/1238
f 1248/1/1239 1247/1/1239 1259/1/1239
f 1259/1/1239 1260/1/1239 1248/1/1239
f 1249/1/1240 1248/1/1240 1260/1/1240
f 1260/1/1240 1261/1/1240 1249/1/1240
f 1250/1/1241 1249/1/1241 1261/1/1241
f 1261/1/1241 1262/1/1241 1250/1/1241
f 1251/1/1242 1250/1/1242 1262/1/1242
f 1262/1/1242 1263/1/1242 1251/1/1242
f 1264/1/1243 1251/1/1243 1263/1/1243
f 1251/1/1243 1264/1/1243 1252/1/1243
f 1265/1/1244 1252/1/1244 1264/1/1244
f 1252/1/1244 1265/1/1244 1253/1/1244
f 1266/1/1245 1253/1/1245 1265/1/1245
f 1253/1/1245 1266/1/1245 1254/1/1245
f 1267/1/1246 1254/1/1246 1266/1/1246
f 1254/1/1246 1267/1/1246 1255/1/1246
f 1257/1/1247 1255/1/1247 1267/1/1247
f 1255/1/1247 1257/1/1247 1245/1/1247
f 1268/1/1195 1257/1/1195 1269/1/1195
f 1257/1/1195 1268/1/1195 1256/1/1195
f 1258/1/1196 1256/1/1196 1268/1/1196
f 1268/1/1196 1270/1/1196 1258/1/1196
f 1259/1/1197 1258/1/1197 1270/1/1197
f 1270/1/1197 1271/1/1197 1259/1/1197
f 1260/1/1186 1259/1/1186 1271/1/1186
f 1271/1/1186 1272/1/1186 1260/1/1186
f 1261/1/1187 1260/1/1187 1272/1/1187
f 1272/1/1187 1273/1/1187 1261/1/1187
f 1262/1/1188 1261/1/1188 1273/1/1188
f 1273/1/1188 1274/1/1188 1262/1/1188
f 1263/1/1189 1262/1/1189 1274/1/1189
f 1274/1/1189 1275/1/1189 1263/1/1189
f 1276/1/1190 1263/1/1190 1275/1/1190
f 1263/1/1190 1276/1/1190 1264/1/1190
f 1277/1/1191 1264/1/1191 1276/1/1191
f 1264/1/1191 1277/1/1191 1265/1/1191
f 1278/1/1192 1265/1/1192 1277/1/1192
f 1265/1/1192 1278/1/1192 1266/1/1192
f 1279/1/1193 1266/1/1193 1278/1/1193
f 1266/1/1193 1279/1/1193 1267/1/1193
f 1269/1/1194 1267/1/1194 1279/1/1194
f 1267/1/1194 1269/1/1194 1257/1/1194
f 1280/1/1248 1269/1/1248 1281/1/1248
f 1269/1/1248 1280/1/1248 1268/1/1248
f 1270/1/1249 1268/1/1249 1280/1/1249
f 1280/1/1249 1282/1/1249 1270/1/1249
f 1271/1/1250 1270/1/1250 1282/1/1250
f 1282/1/1250 1283/1/1250 1271/1/1250
f 1272/1/1251 1271/1/1251 1283/1/1251
f 1283/1/1251 1284/1/1251 1272/1/1251
f 1273/1/1252 1272/1/1252 1284/1/1252
f 1284/1/1252 1285/1/1252 1273/1/1252
f 1274/1/1253 1273/1/1253 1285/1/1253
f 1285/1/1253 1286/1/1253 1274/1/1253
f 1275/1/1254 1274/1/1254 1286/1/1254
f 1286/1/1254 1287/1/1254 1275/1/1254
f 1288/1/1255 1275/1/1255 1287/1/1255
f 1275/1/1255 1288/1/1255 1276/1/1255
f 1289/1/1256 1276/1/1256 1288/1/1256
f 1276/1/1256 1289/1/1256 1277/1/1256
f 1290/1/1257 1277/1/1257 1289/1/1257
f 1277/1/1257 1290/1/1257 1278/1/1257
f 1291/1/1258 1278/1/1258 1290/1/1258
f 1278/1/1258 1291/1/1258 1279/1/1258
f 1281/1/1259 1279/1/1259 1291/1/1259
f 1279/1/1259 1281/1/1259 1269/1/1259
f 1292/1/1260 1281/1/1260 1293/1/1260
f 1281/1/1260 1292/1/1260 1280/1/1260
f 1282/1/1261 1280/1/1261 1292/1/1261
f 1292/1/1261 1294/1/1261 1282/1/1261
f 1283/1/1262 1282/1/1262 1294/1/1262
f 1294/1/1262 1295/1/1262 1283/1/1262
f 1284/1/1263 1283/1/1263 1295/1/1263
f 1295/1/1263 1296/1/1263 1284/1/1263
f 1285/1/1264 1284/1/1264 1296/1/1264
f 1296/1/1264 1297/1/1264 1285/1/1264
f 1286/1/1265 1285/1/1265 1297/1/1265
f 1297/1/1265 1298/1/1265 1286/1/1265
f 1287/1/1266 1286/1/1266 1298/1/1266
f 1298/1/1266 1299/1/1266 1287/1/1266
f 1300/1/1267 1287/1/1267 1299/1/1267
f 1287/1/1267 1300/1/1267 1288/1/1267
f 1301/1/1268 1288/1/1268 1300/1/1268
f 1288/1/1268 1301/1/1268 1289/1/1268
f 1302/1/1269 1289/1/1269 1301/1/1269
f 1289/1/1269 1302/1/1269 1290/1/1269
f 1303/1/1270 1290/1/1270 1302/1/1270
f 1290/1/1270 1303/1/1270 1291/1/1270
f 1293/1/1271 1291/1/1271 1303/1/1271
f 1291/1/1271 1293/1/1271 1281/1/1271
f 1304/1/1272 1293/1/1272 1305/1/1272
f 1293/1/1272 1304/1/1272 1292/1/1272
f 1306/1/1273 1292/1/1273 1304/1/1273
f 1292/1/1273 1306/1/1273 1294/1/1273
f 1307/1/1274 1294/1/1274 1306/1/1274
f 1294/1/1274 1307/1/1274 1295/1/1274
f 1308/1/1275 1295/1/1275 1307/1/1275
f 1295/1/1275 1308/1/1275 1296/1/1275
f 1309/1/1276 1296/1/1276 1308/1/1276
f 1296/1/1276 1309/1/1276 1297/1/1276
f 1310/1/1277 1297/1/1277 1309/1/1277
f 1297/1/1277 1310/1/1277 1298/1/1277
f 1311/1/1278 1298/1/1278 1310/1/1278
f 1298/1/1278 1311/1/1278 1299/1/1278
f 1312/1/1279 1299/1/1279 1311/1/1279
f 1299/1/1279 1312/1/1279 1300/1/1279
f 1313/1/1280 1300/1/1280 1312/1/1280
f 1300/1/1280 1313/1/1280 1301/1/1280
f 1314/1/1281 1301/1/1281 1313/1/1281
f 1301/1/1281 1314/1/1281 1302/1/1281
f 1315/1/1282 1302/1/1282 1314/1/1282
f 1302/1/1282 1315/1/1282 1303/1/1282
f 1305/1/1283 1303/1/1283 1315/1/1283
f 1303/1/1283 1305/1/1283 1293/1/1283
f 1316/1/1284 1304/1/1284 1305/1/1284
f 1316/1/1285 1306/1/1285 1304/1/1285
f 1316/1/1286 1307/1/1286 1306/1/1286
f 1316/1/1287 1308/1/1287 1307/1/1287
f 1316/1/1288 1309/1/1288 1308/1/1288
f 1316/1/1289 1310/1/1289 1309/1/1289
f 1316/1/1290 1311/1/1290 1310/1/1290
f 1316/1/1291 1312/1/1291 1311/1/1291
f 1316/1/1292 1313/1/1292 1312/1/1292
f 1316/1/1293 1314/1/1293 1313/1/1293
f 1316/1/1294 1315/1/1294 1314/1/1294
f 1316/1/1295 1305/1/1295 1315/1/1295
f 1317/1/1296 1318/1/1296 1319/1/1296
f 1318/1/1297 1320/1/1297 1319/1/1297
f 1320/1/1298 1321/1/1298 1319/1/1298
f 1321/1/1299 1322/1/1299 1319/1/1299
f 1322/1/1300 1323/1/1300 1319/1/1300
f 1323/1/1301 1324/1/1301 1319/1/1301
f 1324/1/1302 1325/1/1302 1319/1/1302
f 1325/1/1303 1326/1/1303 1319/1/1303
f 1326/1/1304 1327/1/1304 1319/1/1304
f 1327/1/1305 1328/1/1305 1319/1/1305
f 1328/1/1306 1329/1/1306 1319/1/1306
f 1329/1/1307 1317/1/1307 1319/1/1307
f 1318/1/1308 1317/1/1308 1330/1/1308
f 1330/1/1308 1331/1/1308 1318/1/1308
f 1320/1/1309 1318/1/1309 1331/1/1309
f 1331/1/1309 1332/1/1309 1320/1/1309
f 1321/1/1310 1320/1/1310 1332/1/1310
f 1332/1/1310 1333/1/1310 1321/1/1310
f 1322/1/1311 1321/1/1311 1333/1/1311
f 1333/1/1311 1334/1/1311 1322/1/1311
f 1323/1/1312 1322/1/1312 1334/1/1312
f 1334/1/1312 1335/1/1312 1323/1/1312
f 1324/1/1313 1323/1/1313 1335/1/1313
f 1335/1/1313 1336/1/1313 1324/1/1313
f 1325/1/1314 1324/1/1314 1336/1/1314
f 1336/1/1314 1337/1/1314 1325/1/1314
f 1326/1/1315 1325/1/1315 1337/1/1315
f 1337/1/1315 1338/1/1315 1326/1/1315
f 1327/1/1316 1326/1/1316 1338/1/1316
f 1338/1/1316 1339/1/1316 1327/1/1316
f 1328/1/1317 1327/1/1317 1339/1/1317
f 1339/1/1317 1340/1/1317 1328/1/1317
f 1329/1/1318 1328/1/1318 1340/1/1318
f 1340/1/1318 1341/1/1318 1329/1/1318
f 1317/1/1319 1329/1/1319 1341/1/1319
f 1341/1/1319 1330/1/1319 1317/1/1319
f 1342/1/1320 1330/1/1320 1343/1/1320
f 1330/1/1320 1342/1/1320 1331/1/1320
f 1332/1/1321 1331/1/1321 1342/1/1321
f 1342/1/1321 1344/1/1321 1332/1/1321
f 1333/1/1322 1332/1/1322 1344/1/1322
f 1344/1/1322 1345/1/1322 1333/1/1322
f 1334/1/1323 1333/1/1323 1345/1/1323
f 1345/1/1323 1346/1/1323 1334/1/1323
f 1335/1/1324 1334/1/1324 1346/1/1324
f 1346/1/1324 1347/1/1324 1335/1/1324
f 1336/1/1325 1335/1/1325 1347/1/1325
f 1347/1/1325 1348/1/1325 1336/1/1325
f 1337/1/1326 1336/1/1326 1348/1/1326
f 1348/1/1326 1349/1/1326 1337/1/1326
f 1350/1/1327 1337/1/1327 1349/1/1327
f 1337/1/1327 1350/1/1327 1338/1/1327
f 1351/1/1328 1338/1/1328 1350/1/1328
f 1338/1/1328 1351/1/1328 1339/1/1328
f 1352/1/1329 1339/1/1329 1351/1/1329
f 1339/1/1329 1352/1/1329 1340/1/1329
f 1353/1/1330 1340/1/1330 1352/1/1330
f 1340/1/1330 1353/1/1330 1341/1/1330
f 1343/1/1331 1341/1/1331 1353/1/1331
f 1341/1/1331 1343/1/1331 1330/1/1331
f 1354/1/1332 1343/1/1332 1355/1/1332
f 1343/1/1332 1354/1/1332 1342/1/1332
f 1344/1/1333 1342/1/1333 1354/1/1333
f 1354/1/1333 1356/1/1333 1344/1/1333
f 1345/1/1334 1344/1/1334 1356/1/1334
f 1356/1/1334 1357/1/1334 1345/1/1334
f 1346/1/1335 1345/1/1335 1357/1/1335
f 1357/1/1335 1358/1/1335 1346/1/1335
f 1347/1/1336 1346/1/1336 1358/1/1336
f 1358/1/1336 1359/1/1336 1347/1/1336
f 1348/1/1337 1347/1/1337 1359/1/1337
f 1359/1/1337 1360/1/1337 1348/1/1337
f 1349/1/1338 1348/1/1338 1360/1/1338
f 1360/1/1338 1361/1/1338 1349/1/1338
f 1362/1/1339 1349/1/1339 1361/1/1339
f 1349/1/1339 1362/1/1339 1350/1/1339
f 1363/1/1340 1350/1/1340 1362/1/1340
f 1350/1/1340 1363/1/1340 1351/1/1340
f 1364/1/1341 1351/1/1341 1363/1/1341
f 1351/1/1341 1364/1/1341 1352/1/1341
f 1365/1/1342 1352/1/1342 1364/1/1342
f 1352/1/1342 1365/1/1342 1353/1/1342
f 1355/1/1343 1353/1/1343 1365/1/1343
f 1353/1/1343 1355/1/1343 1343/1/1343
f 1366/1/1344 1355/1/1344 1367/1/1344
f 1355/1/1344 1366/1/1344 1354/1/1344
f 1356/1/1345 1354/1/1345 1366/1/1345
f 1366/1/1345 1368/1/1345 1356/1/1345
f 1357/1/1346 1356/1/1346 1368/1/1346
f 1368/1/1346 1369/1/1346 1357/1/1346
f 1358/1/1347 1357/1/1347 1369/1/1347
f 1369/1/1347 1370/1/1347 1358/1/1347
f 1359/1/1348 1358/1/1348 1370/1/1348
f 1370/1/1348 1371/1/1348 1359/1/1348
f 1360/1/1349 1359/1/1349 1371/1/1349
f 1371/1/1349 1372/1/1349 1360/1/1349
f 1361/1/1350 1360/1/1350 1372/1/1350
f 1372/1/1350 1373/1/1350 1361/1/1350
f 1374/1/1351 1361/1/1351 1373/1/1351
f 1361/1/1351 1374/1/1351 1362/1/1351
f 1375/1/1352 1362/1/1352 1374/1/1352
f 1362/1/1352 1375/1/1352 1363/1/1352
f 1376/1/1353 1363/1/1353 1375/1/1353
f 1363/1/1353 1376/1/1353 1364/1/1353
f 1377/1/1354 1364/1/1354 1376/1/1354
f 1364/1/1354 1377/1/1354 1365/1/1354
f 1367/1/1355 1365/1/1355 1377/1/1355
f 1365/1/1355 1367/1/1355 1355/1/1355
f 1378/1/1356 1367/1/1356 1379/1/1356
f 1367/1/1356 1378/1/1356 1366/1/1356
f 1368/1/1357 1366/1/1357 1378/1/1357
f 1378/1/1357 1380/1/1357 1368/1/1357
f 1369/1/1358 1368/1/1358 1380/1/1358
f 1380/1/1358 1381/1/1358 1369/1/1358
f 1370/1/1359 1369/1/1359 1381/1/1359
f 1381/1/1359 1382/1/1359 1370/1/1359
f 1371/1/1360 1370/1/1360 1382/1/1360
f 1382/1/1360 1383/1/1360 1371/1/1360
f 1372/1/1361 1371/1/1361 1383/1/1361
f 1383/1/1361 1384/1/1361 1372/1/1361
f 1373/1/1362 1372/1/1362 1384/1/1362
f 1384/1/1362 1385/1/1362 1373/1/1362
f 1386/1/1363 1373/1/1363 1385/1/1363
f 1373/1/1363 1386/1/1363 1374/1/1363
f 1387/1/1364 1374/1/1364 1386/1/1364
f 1374/1/1364 1387/1/1364 1375/1/1364
f 1388/1/1365 1375/1/1365 1387/1/1365
f 1375/1/1365 1388/1/1365 1376/1/1365
f 1389/1/1366 1376/1/1366 1388/1/1366
f 1376/1/1366 1389/1/1366 1377/1/1366
f 1379/1/1367 1377/1/1367 1389/1/1367
f 1377/1/1367 1379/1/1367 1367/1/1367
f 1390/1/1368 1379/1/1368 1391/1/1368
f 1379/1/1368 1390/1/1368 1378/1/1368
f 1380/1/1369 1378/1/1369 1390/1/1369
f 1390/1/1369 1392/1/1369 1380/1/1369
f 1381/1/1370 1380/1/1370 1392/1/1370
f 1392/1/1370 1393/1/1370 1381/1/1370
f 1382/1/1371 1381/1/1371 1393/1/1371
f 1393/1/1371 1394/1/1371 1382/1/1371
f 1383/1/1372 1382/1/1372 1394/1/1372
f 1394/1/1372 1395/1/1372 1383/1/1372
f 1384/1/1373 1383/1/1373 1395/1/1373
f 1395/1/1373 1396/1/1373 1384/1/1373
f 1385/1/1374 1384/1/1374 1396/1/1374
f 1396/1/1374 1397/1/1374 1385/1/1374
f 1398/1/1375 1385/1/1375 1397/1/1375
f 1385/1/1375 1398/1/1375 1386/1/1375
f 1399/1/1376 1386/1/1376 1398/1/1376
f 1386/1/1376 1399/1/1376 1387/1/1376
f 1400/1/1377 1387/1/1377 1399/1/1377
f 1387/1/1377 1400/1/1377 1388/1/1377
f 1401/1/1378 1388/1/1378 1400/1/1378
f 1388/1/1378 1401/1/1378 1389/1/1378
f 1391/1/1379 1389/1/1379 1401/1/1379
f 1389/1/1379 1391/1/1379 1379/1/1379
f 1402/1/1380 1391/1/1380 1403/1/1380
f 1391/1/1380 1402/1/1380 1390/1/1380
f 1404/1/1381 1390/1/1381 1402/1/1381
f 1390/1/1381 1404/1/1381 1392/1/1381
f 1405/1/1382 1392/1/1382 1404/1/1382
f 1392/1/1382 1405/1/1382 1393/1/1382
f 1406/1/1383 1393/1/1383 1405/1/1383
f 1393/1/1383 1406/1/1383 1394/1/1383
f 1407/1/1384 1394/1/1384 1406/1/1384
f 1394/1/1384 1407/1/1384 1395/1/1384
f 1408/1/1385 1395/1/1385 1407/1/1385
f 1395/1/1385 1408/1/1385 1396/1/1385
f 1409/1/1386 1396/1/1386 1408/1/1386
f 1396/1/1386 1409/1/1386 1397/1/1386
f 1410/1/1387 1397/1/1387 1409/1/1387
f 1397/1/1387 1410/1/1387 1398/1/1387
f 1411/1/1388 1398/1/1388 1410/1/1388
f 1398/1/1388 1411/1/1388 1399/1/1388
f 1412/1/1389 1399/1/1389 1411/1/1389
f 1399/1/1389 1412/1/1389 1400/1/1389
f 1413/1/1390 1400/1/1390 1412/1/1390
f 1400/1/1390 1413/1/1390 1401/1/1390
f 1403/1/1391 1401/1/1391 1413/1/1391
f 1401/1/1391 1403/1/1391 1391/1/1391
f 1414/1/1392 1402/1/1392 1403/1/1392
f 1414/1/1393 1404/1/1393 1402/1/1393
f 1414/1/1394 1405/1/1394 1404/1/1394
f 1414/1/1395 1406/1/1395 1405/1/1395
f 1414/1/1396 1407/1/1396 1406/1/1396
f 1414/1/1397 1408/1/1397 1407/1/1397
f 1414/1/1398 1409/1/1398 1408/1/1398
f 1414/1/1399 1410/1/1399 1409/1/1399
f 1414/1/1400 1411/1/1400 1410/1/1400
f 1414/1/1401 1412/1/1401 1411/1/1401
f 1414/1/1402 1413/1/1402 1412/1/1402
f 1414/1/1403 1403/1/1403 1413/1/1403
f 1415/1/1347 1416/1/1347 1417/1/1347
f 1417/1/1347 1418/1/1347 1415/1/1347
f 1419/1/1348 1415/1/1348 1418/1/1348
f 1418/1/1348 1420/1/1348 1419/1/1348
f 1421/1/1349 1419/1/1349 1420/1/1349
f 1420/1/1349 1422/1/1349 1421/1/1349
f 1423/1/1350 1421/1/1350 1422/1/1350
f 1422/1/1350 1424/1/1350 1423/1/1350
f 1425/1/1351 1423/1/1351 1424/1/1351
f 1423/1/1351 1425/1/1351 1426/1/1351
f 1427/1/1352 1426/1/1352 1425/1/1352
f 1426/1/1352 1427/1/1352 1428/1/1352
f 1429/1/1353 1428/1/1353 1427/1/1353
f 1428/1/1353 1429/1/1353 1430/1/1353
f 1431/1/1354 1430/1/1354 1429/1/1354
f 1430/1/1354 1431/1/1354 1432/1/1354
f 1433/1/1355 1432/1/1355 1431/1/1355
f 1432/1/1355 1433/1/1355 1434/1/1355
f 1435/1/1344 1434/1/1344 1433/1/1344
f 1434/1/1344 1435/1/1344 1436/1/1344
f 1437/1/1345 1436/1/1345 1435/1/1345
f 1435/1/1345 1438/1/1345 1437/1/1345
f 1416/1/1346 1437/1/1346 1438/1/1346
f 1438/1/1346 1417/1/1346 1416/1/1346
f 1436/1/1404 1437/1/1404 1416/1/1404
f 1416/1/1404 1415/1/1404 1419/1/1404
f 1419/1/1404 1421/1/1404 1423/1/1404
f 1423/1/1404 1426/1/1404 1428/1/1404
f 1428/1/1404 1430/1/1404 1432/1/1404
f 1432/1/1404 1434/1/1404 1436/1/1404
f 1436/1/1404 1416/1/1404 1419/1/1404
f 1419/1/1404 1423/1/1404 1428/1/1404
f 1428/1/1404 1432/1/1404 1436/1/1404
f 1436/1/1404 1419/1/1404 1428/1/1404
f 1435/1/1405 1417/1/1405 1438/1/1405
f 1417/1/1405 1420/1/1405 1418/1/1405
f 1420/1/1405 1424/1/1405 1422/1/1405
f 1424/1/1405 1427/1/1405 1425/1/1405
f 1427/1/1405 1431/1/1405 1429/1/1405
f 1431/1/1405 1435/1/1405 1433/1/1405
f 1435/1/1405 1420/1/1405 1417/1/1405
f 1420/1/1405 1427/1/1405 1424/1/1405
f 1427/1/1405 1435/1/1405 1431/1/1405
f 1435/1/1405 1427/1/1405 1420/1/1405
f 1439/5/1406 1440/5/1406 1441/5/1406
f 1440/5/1407 1442/5/1407 1441/5/1407
f 1442/5/1408 1443/5/1408 1441/5/1408
f 1443/5/1409 1444/5/1409 1441/5/1409
f 1444/5/1410 1445/5/1410 1441/5/1410
f 1445/5/1411 1446/5/1411 1441/5/1411
f 1446/5/1412 1447/5/1412 1441/5/1412
f 1447/5/1413 1448/5/1413 1441/5/1413
f 1448/5/1414 1449/5/1414 1441/5/1414
f 1449/5/1415 1450/5/1415 1441/5/1415
f 1450/5/1416 1451/5/1416 1441/5/1416
f 1451/5/1417 1439/5/1417 1441/5/1417
f 1452/5/1418 1439/5/1418 1453/5/1418
f 1439/5/1418 1452/5/1418 1440/5/1418
f 1454/5/1419 1440/5/1419 1452/5/1419
f 1440/5/1419 1454/5/1419 1442/5/1419
f 1455/5/1420 1442/5/1420 1454/5/1420
f 1442/5/1420 1455/5/1420 1443/5/1420
f 1456/5/1421 1443/5/1421 1455/5/1421
f 1443/5/1421 1456/5/1421 1444/5/1421
f 1457/5/1422 1444/5/1422 1456/5/1422
f 1444/5/1422 1457/5/1422 1445/5/1422
f 1458/5/1423 1445/5/1423 1457/5/1423
f 1445/5/1423 1458/5/1423 1446/5/1423
f 1459/5/1424 1446/5/1424 1458/5/1424
f 1446/5/1424 1459/5/1424 1447/5/1424
f 1460/5/1425 1447/5/1425 1459/5/1425
f 1447/5/1425 1460/5/1425 1448/5/1425
f 1461/5/1426 1448/5/1426 1460/5/1426
f 1448/5/1426 1461/5/1426 1449/5/1426
f 1462/5/1427 1449/5/1427 1461/5/1427
f 1449/5/1427 1462/5/1427 1450/5/1427
f 1463/5/1428 1450/5/1428 1462/5/1428
f 1450/5/1428 1463/5/1428 1451/5/1428
f 1453/5/1429 1451/5/1429 1463/5/1429
f 1451/5/1429 1453/5/1429 1439/5/1429
f 1464/5/1430 1453/5/1430 1465/5/1430
f 1453/5/1430 1464/5/1430 1452/5/1430
f 1466/5/1431 1452/5/1431 1464/5/1431
f 1452/5/1431 1466/5/1431 1454/5/1431
f 1467/5/1432 1454/5/1432 1466/5/1432
f 1454/5/1432 1467/5/1432 1455/5/1432
f 1468/5/1433 1455/5/1433 1467/5/1433
f 1455/5/1433 1468/5/1433 1456/5/1433
f 1469/5/1434 1456/5/1434 1468/5/1434
f 1456/5/1434 1469/5/1434 1457/5/1434
f 1470/5/1435 1457/5/1435 1469/5/1435
f 1457/5/1435 1470/5/1435 1458/5/1435
f 1471/5/1436 1458/5/1436 1470/5/1436
f 1458/5/1436 1471/5/1436 1459/5/1436
f 1472/5/1437 1459/5/1437 1471/5/1437
f 1459/5/1437 1472/5/1437 1460/5/1437
f 1473/5/1438 1460/5/1438 1472/5/1438
f 1460/5/1438 1473/5/1438 1461/5/1438
f 1474/5/1439 1461/5/1439 1473/5/1439
f 1461/5/1439 1474/5/1439 1462/5/1439
f 1475/5/1440 1462/5/1440 1474/5/1440
f 1462/5/1440 1475/5/1440 1463/5/1440
f 1465/5/1441 1463/5/1441 1475/5/1441
f 1463/5/1441 1465/5/1441 1453/5/1441
f 1476/5/1442 1465/5/1442 1477/5/1442
f 1465/5/1442 1476/5/1442 1464/5/1442
f 1466/5/1443 1464/5/1443 1476/5/1443
f 1476/5/1443 1478/5/1443 1466/5/1443
f 1467/5/1444 1466/5/1444 1478/5/1444
f 1478/5/1444 1479/5/1444 1467/5/1444
f 1468/5/1445 1467/5/1445 1479/5/1445
f 1479/5/1445 1480/5/1445 1468/5/1445
f 1469/5/1446 1468/5/1446 1480/5/1446
f 1480/5/1446 1481/5/1446 1469/5/1446
f 1470/5/1447 1469/5/1447 1481/5/1447
f 1481/5/1447 1482/5/1447 1470/5/1447
f 1471/5/1448 1470/5/1448 1482/5/1448
f 1482/5/1448 1483/5/1448 1471/5/1448
f 1484/5/1449 1471/5/1449 1483/5/1449
f 1471/5/1449 1484/5/1449 1472/5/1449
f 1485/5/1450 1472/5/1450 1484/5/1450
f 1472/5/1450 1485/5/1450 1473/5/1450
f 1486/5/1451 1473/5/1451 1485/5/1451
f 1473/5/1451 1486/5/1451 1474/5/1451
f 1487/5/1452 1474/5/1452 1486/5/1452
f 1474/5/1452 1487/5/1452 1475/5/1452
f 1477/5/1453 1475/5/1453 1487/5/1453
f 1475/5/1453 1477/5/1453 1465/5/1453
f 1488/5/1454 1477/5/1454 1489/5/1454
f 1477/5/1454 1488/5/1454 1476/5/1454
f 1478/5/1455 1476/5/1455 1488/5/1455
f 1488/5/1455 1490/5/1455 1478/5/1455
f 1479/5/1456 1478/5/1456 1490/5/1456
f 1490/5/1456 1491/5/1456 1479/5/1456
f 1480/5/1457 1479/5/1457 1491/5/1457
f 1491/5/1457 1492/5/1457 1480/5/1457
f 1481/5/1458 1480/5/1458 1492/5/1458
f 1492/5/1458 1493/5/1458 1481/5/1458
f 1482/5/1459 1481/5/1459 1493/5/1459
f 1493/5/1459 1494/5/1459 1482/5/1459
f 1483/5/1460 1482/5/1460 1494/5/1460
f 1494/5/1460 1495/5/1460 1483/5/1460
f 1496/5/1461 1483/5/1461 1495/5/1461
f 1483/5/1461 1496/5/1461 1484/5/1461
f 1497/5/1462 1484/5/1462 1496/5/1462
f 1484/5/1462 1497/5/1462 1485/5/1462
f 1498/5/1463 1485/5/1463 1497/5/1463
f 1485/5/1463 1498/5/1463 1486/5/1463
f 1499/5/1464 1486/5/1464 1498/5/1464
f 1486/5/1464 1499/5/1464 1487/5/1464
f 1489/5/1465 1487/5/1465 1499/5/1465
f 1487/5/1465 1489/5/1465 1477/5/1465
f 1500/5/1466 1489/5/1466 1501/5/1466
f 1489/5/1466 1500/5/1466 1488/5/1466
f 1490/5/1467 1488/5/1467 1500/5/1467
f 1500/5/1467 1502/5/1467 1490/5/1467
f 1491/5/1468 1490/5/1468 1502/5/1468
f 1502/5/1468 1503/5/1468 1491/5/1468
f 1492/5/1469 1491/5/1469 1503/5/1469
f 1503/5/1469 1504/5/1469 1492/5/1469
f 1493/5/1470 1492/5/1470 1504/5/1470
f 1504/5/1470 1505/5/1470 1493/5/1470
f 1494/5/1471 1493/5/1471 1505/5/1471
f 1505/5/1471 1506/5/1471 1494/5/1471
f 1495/5/1472 1494/5/1472 1506/5/1472
f 1506/5/1472 1507/5/1472 1495/5/1472
f 1508/5/1473 1495/5/1473 1507/5/1473
f 1495/5/1473 1508/5/1473 1496/5/1473
f 1509/5/1474 1496/5/1474 1508/5/1474
f 1496/5/1474 1509/5/1474 1497/5/1474
f 1510/5/1475 1497/5/1475 1509/5/1475
f 1497/5/1475 1510/5/1475 1498/5/1475
f 1511/5/1476 1498/5/1476 1510/5/1476
f 1498/5/1476 1511/5/1476 1499/5/1476
f 1501/5/1477 1499/5/1477 1511/5/1477
f 1499/5/1477 1501/5/1477 1489/5/1477
f 1500/5/1478 1501/5/1478 1512/5/1478
f 1512/5/1478 1513/5/1478 1500/5/1478
f 1514/5/1479 1500/5/1479 1513/5/1479
f 1500/5/1479 1514/5/1479 1502/5/1479
f 1515/5/1480 1502/5/1480 1514/5/1480
f 1502/5/1480 1515/5/1480 1503/5/1480
f 1516/5/1481 1503/5/1481 1515/5/1481
f 1503/5/1481 1516/5/1481 1504/5/1481
f 1517/5/1482 1504/5/1482 1516/5/1482
f 1504/5/1482 1517/5/1482 1505/5/1482
f 1518/5/1483 1505/5/1483 1517/5/1483
f 1505/5/1483 1518/5/1483 1506/5/1483
f 1507/5/1484 1506/5/1484 1518/5/1484
f 1518/5/1484 1519/5/1484 1507/5/1484
f 1508/5/1485 1507/5/1485 1519/5/1485
f 1519/5/1485 1520/5/1485 1508/5/1485
f 1509/5/1486 1508/5/1486 1520/5/1486
f 1520/5/1486 1521/5/1486 1509/5/1486
f 1510/5/1487 1509/5/1487 1521/5/1487
f 1521/5/1487 1522/5/1487 1510/5/1487
f 1511/5/1488 1510/5/1488 1522/5/1488
f 1522/5/1488 1523/5/1488 1511/5/1488
f 1501/5/1489 1511/5/1489 1523/5/1489
f 1523/5/1489 1512/5/1489 1501/5/1489
f 1513/5/1490 1512/5/1490 1524/5/1490
f 1524/5/1490 1525/5/1490 1513/5/1490
f 1514/5/1491 1513/5/1491 1525/5/1491
f 1525/5/1491 1526/5/1491 1514/5/1491
f 1515/5/1492 1514/5/1492 1526/5/1492
f 1526/5/1492 1527/5/1492 1515/5/1492
f 1516/5/1493 1515/5/1493 1527/5/1493
f 1527/5/1493 1528/5/1493 1516/5/1493
f 1517/5/1494 1516/5/1494 1528/5/1494
f 1528/5/1494 1529/5/1494 1517/5/1494
f 1518/5/1495 1517/5/1495 1529/5/1495
f 1529/5/1495 1530/5/1495 1518/5/1495
f 1519/5/1496 1518/5/1496 1530/5/1496
f 1530/5/1496 1531/5/1496 1519/5/1496
f 1520/5/1497 1519/5/1497 1531/5/1497
f 1531/5/1497 1532/5/1497 1520/5/1497
f 1521/5/1498 1520/5/1498 1532/5/1498
f 1532/5/1498 1533/5/1498 1521/5/1498
f 1522/5/1499 1521/5/1499 1533/5/1499
f 1533/5/1499 1534/5/1499 1522/5/1499
f 1523/5/1500 1522/5/1500 1534/5/1500
f 1534/5/1500 1535/5/1500 1523/5/1500
f 1512/5/1501 1523/5/1501 1535/5/1501
f 1535/5/1501 1524/5/1501 1512/5/1501
f 1536/5/1502 1525/5/1502 1524/5/1502
f 1536/5/1503 1526/5/1503 1525/5/1503
f 1536/5/1504 1527/5/1504 1526/5/1504
f 1536/5/1505 1528/5/1505 1527/5/1505
f 1536/5/1506 1529/5/1506 1528/5/1506
f 1536/5/1507 1530/5/1507 1529/5/1507
f 1536/5/1508 1531/5/1508 1530/5/1508
f 1536/5/1509 1532/5/1509 1531/5/1509
f 1536/5/1510 1533/5/1510 1532/5/1510
f 1536/5/1511 1534/5/1511 1533/5/1511
f 1536/5/1512 1535/5/1512 1534/5/1512
f 1536/5/1513 1524/5/1513 1535/5/1513
f 1537/5/1514 1538/5/1514 1539/5/1514
f 1539/5/1514 1540/5/1514 1537/5/1514
f 1541/5/1515 1537/5/1515 1540/5/1515
f 1540/5/1515 1542/5/1515 1541/5/1515
f 1543/5/1516 1541/5/1516 1542/5/1516
f 1542/5/1516 1544/5/1516 1543/5/1516
f 1545/5/1517 1543/5/1517 1544/5/1517
f 1544/5/1517 1546/5/1517 1545/5/1517
f 1547/5/1518 1545/5/1518 1546/5/1518
f 1546/5/1518 1548/5/1518 1547/5/1518
f 1549/5/1519 1547/5/1519 1548/5/1519
f 1547/5/1519 1549/5/1519 1550/5/1519
f 1551/5/1520 1550/5/1520 1549/5/1520
f 1550/5/1520 1551/5/1520 1552/5/1520
f 1553/5/1521 1552/5/1521 1551/5/1521
f 1552/5/1521 1553/5/1521 1554/5/1521
f 1555/5/1522 1554/5/1522 1553/5/1522
f 1554/5/1522 1555/5/1522 1556/5/1522
f 1557/5/1523 1556/5/1523 1555/5/1523
f 1556/5/1523 1557/5/1523 1558/5/1523
f 1559/5/1524 1558/5/1524 1557/5/1524
f 1558/5/1524 1559/5/1524 1560/5/1524
f 1538/5/1525 1560/5/1525 1559/5/1525
f 1559/5/1525 1539/5/1525 1538/5/1525
f 1558/5/1526 1560/5/1526 1538/5/1526
f 1538/5/1526 1537/5/1526 1541/5/1526
f 1541/5/1526 1543/5/1526 1545/5/1526
f 1545/5/1526 1547/5/1526 1550/5/1526
f 1550/5/1526 1552/5/1526 1554/5/1526
f 1554/5/1526 1556/5/1526 1558/5/1526
f 1558/5/1526 1538/5/1526 1541/5/1526
f 1541/5/1526 1545/5/1526 1550/5/1526
f 1550/5/1526 1554/5/1526 1558/5/1526
f 1558/5/1526 1541/5/1526 1550/5/1526
f 1557/5/1527 1539/5/1527 1559/5/1527
f 1539/5/1527 1542/5/1527 1540/5/1527
f 1542/5/1527 1546/5/1527 1544/5/1527
f 1546/5/1527 1549/5/1527 1548/5/1527
f 1549/5/1527 1553/5/1527 1551/5/1527
f 1553/5/1527 1557/5/1527 1555/5/1527
f 1557/5/1527 1542/5/1527 1539/5/1527
f 1542/5/1527 1549/5/1527 1546/5/1527
f 1549/5/1527 1557/5/1527 1553/5/1527
f 1557/5/1527 1549/5/1527 1542/5/1527
f 1561/5/1528 1562/5/1528 1563/5/1528
f 1562/5/1529 1564/5/1529 1563/5/1529
f 1564/5/1530 1565/5/1530 1563/5/1530
f 1565/5/1531 1566/5/1531 1563/5/1531
f 1566/5/1532 1567/5/1532 1563/5/1532
f 1567/5/1533 1568/5/1533 1563/5/1533
f 1568/5/1534 1569/5/1534 1563/5/1534
f 1569/5/1535 1570/5/1535 1563/5/1535
f 1570/5/1536 1571/5/1536 1563/5/1536
f 1571/5/1537 1572/5/1537 1563/5/1537
f 1572/5/1538 1573/5/1538 1563/5/1538
f 1573/5/1539 1561/5/1539 1563/5/1539
f 1574/5/1540 1561/5/1540 1575/5/1540
f 1561/5/1540 1574/5/1540 1562/5/1540
f 1576/5/1541 1562/5/1541 1574/5/1541
f 1562/5/1541 1576/5/1541 1564/5/1541
f 1577/5/1542 1564/5/1542 1576/5/1542
f 1564/5/1542 1577/5/1542 1565/5/1542
f 1578/5/1543 1565/5/1543 1577/5/1543
f 1565/5/1543 1578/5/1543 1566/5/1543
f 1579/5/1544 1566/5/1544 1578/5/1544
f 1566/5/1544 1579/5/1544 1567/5/1544
f 1580/5/1545 1567/5/1545 1579/5/1545
f 1567/5/1545 1580/5/1545 1568/5/1545
f 1581/5/1546 1568/5/1546 1580/5/1546
f 1568/5/1546 1581/5/1546 1569/5/1546
f 1582/5/1547 1569/5/1547 1581/5/1547
f 1569/5/1547 1582/5/1547 1570/5/1547
f 1583/5/1548 1570/5/1548 1582/5/1548
f 1570/5/1548 1583/5/1548 1571/5/1548
f 1584/5/1549 1571/5/1549 1583/5/1549
f 1571/5/1549 1584/5/1549 1572/5/1549
f 1585/5/1550 1572/5/1550 1584/5/1550
f 1572/5/1550 1585/5/1550 1573/5/1550
f 1575/5/1551 1573/5/1551 1585/5/1551
f 1573/5/1551 1575/5/1551 1561/5/1551
f 1586/5/1552 1575/5/1552 1587/5/1552
f 1575/5/1552 1586/5/1552 1574/5/1552
f 1588/5/1553 1574/5/1553 1586/5/1553
f 1574/5/1553 1588/5/1553 1576/5/1553
f 1589/5/1554 1576/5/1554 1588/5/1554
f 1576/5/1554 1589/5/1554 1577/5/1554
f 1590/5/1555 1577/5/1555 1589/5/1555
f 1577/5/1555 1590/5/1555 1578/5/1555
f 1591/5/1556 1578/5/1556 1590/5/1556
f 1578/5/1556 1591/5/1556 1579/5/1556
f 1592/5/1557 1579/5/1557 1591/5/1557
f 1579/5/1557 1592/5/1557 1580/5/1557
f 1593/5/1558 1580/5/1558 1592/5/1558
f 1580/5/1558 1593/5/1558 1581/5/1558
f 1594/5/1559 1581/5/1559 1593/5/1559
f 1581/5/1559 1594/5/1559 1582/5/1559
f 1595/5/1560 1582/5/1560 1594/5/1560
f 1582/5/1560 1595/5/1560 1583/5/1560
f 1596/5/1561 1583/5/1561 1595/5/1561
f 1583/5/1561 1596/5/1561 1584/5/1561
f 1597/5/1562 1584/5/1562 1596/5/1562
f 1584/5/1562 1597/5/1562 1585/5/1562
f 1587/5/1563 1585/5/1563 1597/5/1563
f 1585/5/1563 1587/5/1563 1575/5/1563
f 1586/5/1564 1587/5/1564 1598/5/1564
f 1598/5/1564 1599/5/1564 1586/5/1564
f 1588/5/1565 1586/5/1565 1599/5/1565
f 1599/5/1565 1600/5/1565 1588/5/1565
f 1589/5/1566 1588/5/1566 1600/5/1566
f 1600/5/1566 1601/5/1566 1589/5/1566
f 1590/5/1567 1589/5/1567 1601/5/1567
f 1601/5/1567 1602/5/1567 1590/5/1567
f 1591/5/1568 1590/5/1568 1602/5/1568
f 1602/5/1568 1603/5/1568 1591/5/1568
f 1592/5/1569 1591/5/1569 1603/5/1569
f 1603/5/1569 1604/5/1569 1592/5/1569
f 1605/5/1570 1592/5/1570 1604/5/1570
f 1592/5/1570 1605/5/1570 1593/5/1570
f 1606/5/1571 1593/5/1571 1605/5/1571
f 1593/5/1571 1606/5/1571 1594/5/1571
f 1607/5/1572 1594/5/1572 1606/5/1572
f 1594/5/1572 1607/5/1572 1595/5/1572
f 1608/5/1573 1595/5/1573 1607/5/1573
f 1595/5/1573 1608/5/1573 1596/5/1573
f 1609/5/1574 1596/5/1574 1608/5/1574
f 1596/5/1574 1609/5/1574 1597/5/1574
f 1598/5/1575 1597/5/1575 1609/5/1575
f 1597/5/1575 1598/5/1575 1587/5/1575
f 1599/5/1576 1598/5/1576 1610/5/1576
f 1610/5/1576 1611/5/1576 1599/5/1576
f 1600/5/1577 1599/5/1577 1611/5/1577
f 1611/5/1577 1612/5/1577 1600/5/1577
f 1601/5/1578 1600/5/1578 1612/5/1578
f 1612/5/1578 1613/5/1578 1601/5/1578
f 1602/5/1579 1601/5/1579 1613/5/1579
f 1613/5/1579 1614/5/1579 1602/5/1579
f 1603/5/1580 1602/5/1580 1614/5/1580
f 1614/5/1580 1615/5/1580 1603/5/1580
f 1604/5/1581 1603/5/1581 1615/5/1581
f 1615/5/1581 1616/5/1581 1604/5/1581
f 1617/5/1582 1604/5/1582 1616/5/1582
f 1604/5/1582 1617/5/1582 1605/5/1582
f 1618/5/1583 1605/5/1583 1617/5/1583
f 1605/5/1583 1618/5/1583 1606/5/1583
f 1619/5/1584 1606/5/1584 1618/5/1584
f 1606/5/1584 1619/5/1584 1607/5/1584
f 1620/5/1585 1607/5/1585 1619/5/1585
f 1607/5/1585 1620/5/1585 1608/5/1585
f 1621/5/1586 1608/5/1586 1620/5/1586
f 1608/5/1586 1621/5/1586 1609/5/1586
f 1610/5/1587 1609/5/1587 1621/5/1587
f 1609/5/1587 1610/5/1587 1598/5/1587
f 1611/5/1588 1610/5/1588 1622/5/1588
f 1622/5/1588 1623/5/1588 1611/5/1588
f 1612/5/1589 1611/5/1589 1623/5/1589
f 1623/5/1589 1624/5/1589 1612/5/1589
f 1613/5/1590 1612/5/1590 1624/5/1590
f 1624/5/1590 1625/5/1590 1613/5/1590
f 1614/5/1591 1613/5/1591 1625/5/1591
f 1625/5/1591 1626/5/1591 1614/5/1591
f 1615/5/1592 1614/5/1592 1626/5/1592
f 1626/5/1592 1627/5/1592 1615/5/1592
f 1616/5/1593 1615/5/1593 1627/5/1593
f 1627/5/1593 1628/5/1593 1616/5/1593
f 1629/5/1594 1616/5/1594 1628/5/1594
f 1616/5/1594 1629/5/1594 1617/5/1594
f 1630/5/1595 1617/5/1595 1629/5/1595
f 1617/5/1595 1630/5/1595 1618/5/1595
f 1631/5/1596 1618/5/1596 1630/5/1596
f 1618/5/1596 1631/5/1596 1619/5/1596
f 1632/5/1597 1619/5/1597 1631/5/1597
f 1619/5/1597 1632/5/1597 1620/5/1597
f 1633/5/1598 1620/5/1598 1632/5/1598
f 1620/5/1598 1633/5/1598 1621/5/1598
f 1622/5/1599 1621/5/1599 1633/5/1599
f 1621/5/1599 1622/5/1599 1610/5/1599
f 1634/5/1600 1622/5/1600 1635/5/1600
f 1622/5/1600 1634/5/1600 1623/5/1600
f 1636/5/1601 1623/5/1601 1634/5/1601
f 1623/5/1601 1636/5/1601 1624/5/1601
f 1637/5/1602 1624/5/1602 1636/5/1602
f 1624/5/1602 1637/5/1602 1625/5/1602
f 1638/5/1603 1625/5/1603 1637/5/1603
f 1625/5/1603 1638/5/1603 1626/5/1603
f 1639/5/1604 1626/5/1604 1638/5/1604
f 1626/5/1604 1639/5/1604 1627/5/1604
f 1628/5/1605 1627/5/1605 1639/5/1605
f 1639/5/1605 1640/5/1605 1628/5/1605
f 1629/5/1606 1628/5/1606 1640/5/1606
f 1640/5/1606 1641/5/1606 1629/5/1606
f 1630/5/1607 1629/5/1607 1641/5/1607
f 1641/5/1607 1642/5/1607 1630/5/1607
f 1631/5/1608 1630/5/1608 1642/5/1608
f 1642/5/1608 1643/5/1608 1631/5/1608
f 1632/5/1609 1631/5/1609 1643/5/1609
f 1643/5/1609 1644/5/1609 1632/5/1609
f 1633/5/1610 1632/5/1610 1644/5/1610
f 1644/5/1610 1645/5/1610 1633/5/1610
f 1622/5/1611 1633/5/1611 1645/5/1611
f 1645/5/1611 1635/5/1611 1622/5/1611
f 1634/5/1612 1635/5/1612 1646/5/1612
f 1646/5/1612 1647/5/1612 1634/5/1612
f 1636/5/1613 1634/5/1613 1647/5/1613
f 1647/5/1613 1648/5/1613 1636/5/1613
f 1637/5/1614 1636/5/1614 1648/5/1614
f 1648/5/1614 1649/5/1614 1637/5/1614
f 1638/5/1615 1637/5/1615 1649/5/1615
f 1649/5/1615 1650/5/1615 1638/5/1615
f 1639/5/1616 1638/5/1616 1650/5/1616
f 1650/5/1616 1651/5/1616 1639/5/1616
f 1640/5/1617 1639/5/1617 1651/5/1617
f 1651/5/1617 1652/5/1617 1640/5/1617
f 1641/5/1618 1640/5/1618 1652/5/1618
f 1652/5/1618 1653/5/1618 1641/5/1618
f 1642/5/1619 1641/5/1619 1653/5/1619
f 1653/5/1619 1654/5/1619 1642/5/1619
f 1643/5/1620 1642/5/1620 1654/5/1620
f 1654/5/1620 1655/5/1620 1643/5/1620
f 1644/5/1621 1643/5/1621 1655/5/1621
f 1655/5/1621 1656/5/1621 1644/5/1621
f 1645/5/1622 1644/5/1622 1656/5/1622
f 1656/5/1622 1657/5/1622 1645/5/1622
f 1635/5/1623 1645/5/1623 1657/5/1623
f 1657/5/1623 1646/5/1623 1635/5/1623
f 1658/5/1624 1647/5/1624 1646/5/1624
f 1658/5/1625 1648/5/1625 1647/5/1625
f 1658/5/1626 1649/5/1626 1648/5/1626
f 1658/5/1627 1650/5/1627 1649/5/1627
f 1658/5/1628 1651/5/1628 1650/5/1628
f 1658/5/1629 1652/5/1629 1651/5/1629
f 1658/5/1630 1653/5/1630 1652/5/1630
f 1658/5/1631 1654/5/1631 1653/5/1631
f 1658/5/1632 1655/5/1632 1654/5/1632
f 1658/5/1633 1656/5/1633 1655/5/1633
f 1658/5/1634 1657/5/1634 1656/5/1634
f 1658/5/1635 1646/5/1635 1657/5/1635
f 1659/5/1636 1660/5/1636 1661/5/1636
f 1661/5/1636 1662/5/1636 1659/5/1636
f 1663/5/1637 1659/5/1637 1662/5/1637
f 1662/5/1637 1664/5/1637 1663/5/1637
f 1665/5/1638 1663/5/1638 1664/5/1638
f 1664/5/1638 1666/5/1638 1665/5/1638
f 1667/5/1639 1665/5/1639 1666/5/1639
f 1666/5/1639 1668/5/1639 1667/5/1639
f 1669/5/1640 1667/5/1640 1668/5/1640
f 1668/5/1640 1670/5/1640 1669/5/1640
f 1671/5/1641 1669/5/1641 1670/5/1641
f 1670/5/1641 1672/5/1641 1671/5/1641
f 1673/5/1642 1671/5/1642 1672/5/1642
f 1671/5/1642 1673/5/1642 1674/5/1642
f 1675/5/1643 1674/5/1643 1673/5/1643
f 1674/5/1643 1675/5/1643 1676/5/1643
f 1677/5/1644 1676/5/1644 1675/5/1644
f 1676/5/1644 1677/5/1644 1678/5/1644
f 1679/5/1645 1678/5/1645 1677/5/1645
f 1678/5/1645 1679/5/1645 1680/5/1645
f 1681/5/1646 1680/5/1646 1679/5/1646
f 1680/5/1646 1681/5/1646 1682/5/1646
f 1661/5/1647 1682/5/1647 1681/5/1647
f 1682/5/1647 1661/5/1647 1660/5/1647
f 1680/5/1648 1682/5/1648 1660/5/1648
f 1660/5/1648 1659/5/1648 1663/5/1648
f 1663/5/1648 1665/5/1648 1667/5/1648
f 1667/5/1648 1669/5/1648 1671/5/1648
f 1671/5/1648 1674/5/1648 1676/5/1648
f 1676/5/1648 1678/5/1648 1680/5/1648
f 1680/5/1648 1660/5/1648 1663/5/1648
f 1663/5/1648 1667/5/1648 1671/5/1648
f 1671/5/1648 1676/5/1648 1680/5/1648
f 1680/5/1648 1663/5/1648 1671/5/1648
f 1679/5/1649 1661/5/1649 1681/5/1649
f 1661/5/1649 1664/5/1649 1662/5/1649
f 1664/5/1649 1668/5/1649 1666/5/1649
f 1668/5/1649 1672/5/1649 1670/5/1649
f 1672/5/1649 1675/5/1649 1673/5/1649
f 1675/5/1649 1679/5/1649 1677/5/1649
f 1679/5/1649 1664/5/1649 1661/5/1649
f 1664/5/1649 1672/5/1649 1668/5/1649
f 1672/5/1649 1679/5/1649 1675/5/1649
f 1679/5/1649 1672/5/1649 1664/5/1649
f 1683/5/1650 1684/5/1650 1685/5/1650
f 1684/5/1651 1686/5/1651 1685/5/1651
f 1686/5/1652 1687/5/1652 1685/5/1652
f 1687/5/1653 1688/5/1653 1685/5/1653
f 1688/5/1654 1689/5/1654 1685/5/1654
f 1689/5/1655 1690/5/1655 1685/5/1655
f 1690/5/1656 1691/5/1656 1685/5/1656
f 1691/5/1657 1692/5/1657 1685/5/1657
f 1692/5/1658 1693/5/1658 1685/5/1658
f 1693/5/1659 1694/5/1659 1685/5/1659
f 1694/5/1660 1695/5/1660 1685/5/1660
f 1695/5/1661 1683/5/1661 1685/5/1661
f 1696/5/1662 1683/5/1662 1697/5/1662
f 1683/5/1662 1696/5/1662 1684/5/1662
f 1698/5/1663 1684/5/1663 1696/5/1663
f 1684/5/1663 1698/5/1663 1686/5/1663
f 1699/5/1664 1686/5/1664 1698/5/1664
f 1686/5/1664 1699/5/1664 1687/5/1664
f 1700/5/1665 1687/5/1665 1699/5/1665
f 1687/5/1665 1700/5/1665 1688/5/1665
f 1701/5/1666 1688/5/1666 1700/5/1666
f 1688/5/1666 1701/5/1666 1689/5/1666
f 1702/5/1667 1689/5/1667 1701/5/1667
f 1689/5/1667 1702/5/1667 1690/5/1667
f 1703/5/1668 1690/5/1668 1702/5/1668
f 1690/5/1668 1703/5/1668 1691/5/1668
f 1704/5/1669 1691/5/1669 1703/5/1669
f 1691/5/1669 1704/5/1669 1692/5/1669
f 1705/5/1670 1692/5/1670 1704/5/1670
f 1692/5/1670 1705/5/1670 1693/5/1670
f 1706/5/1671 1693/5/1671 1705/5/1671
f 1693/5/1671 1706/5/1671 1694/5/1671
f 1707/5/1672 1694/5/1672 1706/5/1672
f 1694/5/1672 1707/5/1672 1695/5/1672
f 1697/5/1673 1695/5/1673 1707/5/1673
f 1695/5/1673 1697/5/1673 1683/5/1673
f 1708/5/1674 1697/5/1674 1709/5/1674
f 1697/5/1674 1708/5/1674 1696/5/1674
f 1710/5/1675 1696/5/1675 1708/5/1675
f 1696/5/1675 1710/5/1675 1698/5/1675
f 1711/5/1676 1698/5/1676 1710/5/1676
f 1698/5/1676 1711/5/1676 1699/5/1676
f 1712/5/1677 1699/5/1677 1711/5/1677
f 1699/5/1677 1712/5/1677 1700/5/1677
f 1713/5/1678 1700/5/1678 1712/5/1678
f 1700/5/1678 1713/5/1678 1701/5/1678
f 1714/5/1679 1701/5/1679 1713/5/1679
f 1701/5/1679 1714/5/1679 1702/5/1679
f 1715/5/1680 1702/5/1680 1714/5/1680
f 1702/5/1680 1715/5/1680 1703/5/1680
f 1716/5/1681 1703/5/1681 1715/5/1681
f 1703/5/1681 1716/5/1681 1704/5/1681
f 1717/5/1682 1704/5/1682 1716/5/1682
f 1704/5/1682 1717/5/1682 1705/5/1682
f 1718/5/1683 1705/5/1683 1717/5/1683
f 1705/5/1683 1718/5/1683 1706/5/1683
f 1719/5/1684 1706/5/1684 1718/5/1684
f 1706/5/1684 1719/5/1684 1707/5/1684
f 1709/5/1685 1707/5/1685 1719/5/1685
f 1707/5/1685 1709/5/1685 1697/5/1685
f 1708/5/1686 1709/5/1686 1720/5/1686
f 1720/5/1686 1721/5/1686 1708/5/1686
f 1710/5/1687 1708/5/1687 1721/5/1687
f 1721/5/1687 1722/5/1687 1710/5/1687
f 1711/5/1688 1710/5/1688 1722/5/1688
f 1722/5/1688 1723/5/1688 1711/5/1688
f 1712/5/1689 1711/5/1689 1723/5/1689
f 1723/5/1689 1724/5/1689 1712/5/1689
f 1713/5/1690 1712/5/1690 1724/5/1690
f 1724/5/1690 1725/5/1690 1713/5/1690
f 1726/5/1691 1713/5/1691 1725/5/1691
f 1713/5/1691 1726/5/1691 1714/5/1691
f 1727/5/1692 1714/5/1692 1726/5/1692
f 1714/5/1692 1727/5/1692 1715/5/1692
f 1728/5/1693 1715/5/1693 1727/5/1693
f 1715/5/1693 1728/5/1693 1716/5/1693
f 1729/5/1694 1716/5/1694 1728/5/1694
f 1716/5/1694 1729/5/1694 1717/5/1694
f 1730/5/1695 1717/5/1695 1729/5/1695
f 1717/5/1695 1730/5/1695 1718/5/1695
f 1731/5/1696 1718/5/1696 1730/5/1696
f 1718/5/1696 1731/5/1696 1719/5/1696
f 1709/5/1697 1719/5/1697 1731/5/1697
f 1731/5/1697 1720/5/1697 1709/5/1697
f 1721/5/1698 1720/5/1698 1732/5/1698
f 1732/5/1698 1733/5/1698 1721/5/1698
f 1722/5/1699 1721/5/1699 1733/5/1699
f 1733/5/1699 1734/5/1699 1722/5/1699
f 1723/5/1700 1722/5/1700 1734/5/1700
f 1734/5/1700 1735/5/1700 1723/5/1700
f 1724/5/1701 1723/5/1701 1735/5/1701
f 1735/5/1701 1736/5/1701 1724/5/1701
f 1725/5/1702 1724/5/1702 1736/5/1702
f 1736/5/1702 1737/5/1702 1725/5/1702
f 1738/5/1703 1725/5/1703 1737/5/1703
f 1725/5/1703 1738/5/1703 1726/5/1703
f 1739/5/1704 1726/5/1704 1738/5/1704
f 1726/5/1704 1739/5/1704 1727/5/1704
f 1740/5/1705 1727/5/1705 1739/5/1705
f 1727/5/1705 1740/5/1705 1728/5/1705
f 1741/5/1706 1728/5/1706 1740/5/1706
f 1728/5/1706 1741/5/1706 1729/5/1706
f 1742/5/1707 1729/5/1707 1741/5/1707
f 1729/5/1707 1742/5/1707 1730/5/1707
f 1743/5/1708 1730/5/1708 1742/5/1708
f 1730/5/1708 1743/5/1708 1731/5/1708
f 1720/5/1709 1731/5/1709 1743/5/1709
f 1743/5/1709 1732/5/1709 1720/5/1709
f 1733/5/1710 1732/5/1710 1744/5/1710
f 1744/5/1710 1745/5/1710 1733/5/1710
f 1734/5/1711 1733/5/1711 1745/5/1711
f 1745/5/1711 1746/5/1711 1734/5/1711
f 1735/5/1712 1734/5/1712 1746/5/1712
f 1746/5/1712 1747/5/1712 1735/5/1712
f 1736/5/1713 1735/5/1713 1747/5/1713
f 1747/5/1713 1748/5/1713 1736/5/1713
f 1737/5/1714 1736/5/1714 1748/5/1714
f 1748/5/1714 1749/5/1714 1737/5/1714
f 1750/5/1715 1737/5/1715 1749/5/1715
f 1737/5/1715 1750/5/1715 1738/5/1715
f 1751/5/1716 1738/5/1716 1750/5/1716
f 1738/5/1716 1751/5/1716 1739/5/1716
f 1752/5/1717 1739/5/1717 1751/5/1717
f 1739/5/1717 1752/5/1717 1740/5/1717
f 1753/5/1718 1740/5/1718 1752/5/1718
f 1740/5/1718 1753/5/1718 1741/5/1718
f 1754/5/1719 1741/5/1719 1753/5/1719
f 1741/5/1719 1754/5/1719 1742/5/1719
f 1755/5/1720 1742/5/1720 1754/5/1720
f 1742/5/1720 1755/5/1720 1743/5/1720
f 1732/5/1721 1743/5/1721 1755/5/1721
f 1755/5/1721 1744/5/1721 1732/5/1721
f 1756/5/1722 1744/5/1722 1757/5/1722
f 1744/5/1722 1756/5/1722 1745/5/1722
f 1758/5/1723 1745/5/1723 1756/5/1723
f 1745/5/1723 1758/5/1723 1746/5/1723
f 1759/5/1724 1746/5/1724 1758/5/1724
f 1746/5/1724 1759/5/1724 1747/5/1724
f 1760/5/1725 1747/5/1725 1759/5/1725
f 1747/5/1725 1760/5/1725 1748/5/1725
f 1761/5/1726 1748/5/1726 1760/5/1726
f 1748/5/1726 1761/5/1726 1749/5/1726
f 1750/5/1727 1749/5/1727 1761/5/1727
f 1761/5/1727 1762/5/1727 1750/5/1727
f 1751/5/1728 1750/5/1728 1762/5/1728
f 1762/5/1728 1763/5/1728 1751/5/1728
f 1752/5/1729 1751/5/1729 1763/5/1729
f 1763/5/1729 1764/5/1729 1752/5/1729
f 1753/5/1730 1752/5/1730 1764/5/1730
f 1764/5/1730 1765/5/1730 1753/5/1730
f 1754/5/1731 1753/5/1731 1765/5/1731
f 1765/5/1731 1766/5/1731 1754/5/1731
f 1755/5/1732 1754/5/1732 1766/5/1732
f 1766/5/1732 1767/5/1732 1755/5/1732
f 1757/5/1733 1755/5/1733 1767/5/1733
f 1755/5/1733 1757/5/1733 1744/5/1733
f 1756/5/1734 1757/5/1734 1768/5/1734
f 1768/5/1734 1769/5/1734 1756/5/1734
f 1758/5/1735 1756/5/1735 1769/5/1735
f 1769/5/1735 1770/5/1735 1758/5/1735
f 1759/5/1736 1758/5/1736 1770/5/1736
f 1770/5/1736 1771/5/1736 1759/5/1736
f 1760/5/1737 1759/5/1737 1771/5/1737
f 1771/5/1737 1772/5/1737 1760/5/1737
f 1761/5/1738 1760/5/1738 1772/5/1738
f 1772/5/1738 1773/5/1738 1761/5/1738
f 1762/5/1739 1761/5/1739 1773/5/1739
f 1773/5/1739 1774/5/1739 1762/5/1739
f 1763/5/1740 1762/5/1740 1774/5/1740
f 1774/5/1740 1775/5/1740 1763/5/1740
f 1764/5/1741 1763/5/1741 1775/5/1741
f 1775/5/1741 1776/5/1741 1764/5/1741
f 1765/5/1742 1764/5/1742 1776/5/1742
f 1776/5/1742 1777/5/1742 1765/5/1742
f 1766/5/1743 1765/5/1743 1777/5/1743
f 1777/5/1743 1778/5/1743 1766/5/1743
f 1767/5/1744 1766/5/1744 1778/5/1744
f 1778/5/1744 1779/5/1744 1767/5/1744
f 1757/5/1745 1767/5/1745 1779/5/1745
f 1779/5/1745 1768/5/1745 1757/5/1745
f 1780/5/1746 1769/5/1746 1768/5/1746
f 1780/5/1747 1770/5/1747 1769/5/1747
f 1780/5/1748 1771/5/1748 1770/5/1748
f 1780/5/1749 1772/5/1749 1771/5/1749
f 1780/5/1750 1773/5/1750 1772/5/1750
f 1780/5/1751 1774/5/1751 1773/5/1751
f 1780/5/1752 1775/5/1752 1774/5/1752
f 1780/5/1753 1776/5/1753 1775/5/1753
f 1780/5/1754 1777/5/1754 1776/5/1754
f 1780/5/1755 1778/5/1755 1777/5/1755
f 1780/5/1756 1779/5/1756 1778/5/1756
f 1780/5/1757 1768/5/1757 1779/5/1757
f 1781/5/1758 1782/5/1758 1783/5/1758
f 1782/5/1758 1781/5/1758 1784/5/1758
f 1785/5/1759 1784/5/1759 1781/5/1759
f 1781/5/1759 1786/5/1759 1785/5/1759
f 1787/5/1760 1785/5/1760 1786/5/1760
f 1786/5/1760 1788/5/1760 1787/5/1760
f 1789/5/1761 1787/5/1761 1788/5/1761
f 1788/5/1761 1790/5/1761 1789/5/1761
f 1791/5/1762 1789/5/1762 1790/5/1762
f 1790/5/1762 1792/5/1762 1791/5/1762
f 1793/5/1763 1791/5/1763 1792/5/1763
f 1792/5/1763 1794/5/1763 1793/5/1763
f 1795/5/1764 1793/5/1764 1794/5/1764
f 1794/5/1764 1796/5/1764 1795/5/1764
f 1797/5/1765 1795/5/1765 1796/5/1765
f 1795/5/1765 1797/5/1765 1798/5/1765
f 1799/5/1766 1798/5/1766 1797/5/1766
f 1798/5/1766 1799/5/1766 1800/5/1766
f 1801/5/1767 1800/5/1767 1799/5/1767
f 1800/5/1767 1801/5/1767 1802/5/1767
f 1803/5/1768 1802/5/1768 1801/5/1768
f 1802/5/1768 1803/5/1768 1804/5/1768
f 1783/5/1769 1804/5/1769 1803/5/1769
f 1804/5/1769 1783/5/1769 1782/5/1769
f 1802/5/1770 1804/5/1770 1782/5/1770
f 1782/5/1770 1784/5/1770 1785/5/1770
f 1785/5/1770 1787/5/1770 1789/5/1770
f 1789/5/1770 1791/5/1770 1793/5/1770
f 1793/5/1770 1795/5/1770 1798/5/1770
f 1798/5/1770 1800/5/1770 1802/5/1770
f 1802/5/1770 1782/5/1770 1785/5/1770
f 1785/5/1770 1789/5/1770 1793/5/1770
f 1793/5/1770 1798/5/1770 1802/5/1770
f 1802/5/1770 1785/5/1770 1793/5/1770
f 1801/5/1771 1783/5/1771 1803/5/1771
f 1783/5/1771 1786/5/1771 1781/5/1771
f 1786/5/1771 1790/5/1771 1788/5/1771
f 1790/5/1771 1794/5/1771 1792/5/1771
f 1794/5/1771 1797/5/1771 1796/5/1771
f 1797/5/1771 1801/5/1771 1799/5/1771
f 1801/5/1771 1786/5/1771 1783/5/1771
f 1786/5/1771 1794/5/1771 1790/5/1771
f 1794/5/1771 1801/5/1771 1797/5/1771
f 1801/5/1771 1794/5/1771 1786/5/1771
f 1805/5/1772 1806/5/1772 1807/5/1772
f 1806/5/1773 1808/5/1773 1807/5/1773
f 1808/5/1774 1809/5/1774 1807/5/1774
f 1809/5/1775 1810/5/1775 1807/5/1775
f 1810/5/1776 1811/5/1776 1807/5/1776
f 1811/5/1777 1812/5/1777 1807/5/1777
f 1812/5/1778 1813/5/1778 1807/5/1778
f 1813/5/1779 1814/5/1779 1807/5/1779
f 1814/5/1780 1815/5/1780 1807/5/1780
f 1815/5/1781 1816/5/1781 1807/5/1781
f 1816/5/1782 1817/5/1782 1807/5/1782
f 1817/5/1783 1805/5/1783 1807/5/1783
f 1818/5/1784 1805/5/1784 1819/5/1784
f 1805/5/1784 1818/5/1784 1806/5/1784
f 1820/5/1785 1806/5/1785 1818/5/1785
f 1806/5/1785 1820/5/1785 1808/5/1785
f 1821/5/1786 1808/5/1786 1820/5/1786
f 1808/5/1786 1821/5/1786 1809/5/1786
f 1822/5/1787 1809/5/1787 1821/5/1787
f 1809/5/1787 1822/5/1787 1810/5/1787
f 1823/5/1788 1810/5/1788 1822/5/1788
f 1810/5/1788 1823/5/1788 1811/5/1788
f 1824/5/1789 1811/5/1789 1823/5/1789
f 1811/5/1789 1824/5/1789 1812/5/1789
f 1825/5/1790 1812/5/1790 1824/5/1790
f 1812/5/1790 1825/5/1790 1813/5/1790
f 1826/5/1791 1813/5/1791 1825/5/1791
f 1813/5/1791 1826/5/1791 1814/5/1791
f 1827/5/1792 1814/5/1792 1826/5/1792
f 1814/5/1792 1827/5/1792 1815/5/1792
f 1828/5/1793 1815/5/1793 1827/5/1793
f 1815/5/1793 1828/5/1793 1816/5/1793
f 1829/5/1794 1816/5/1794 1828/5/1794
f 1816/5/1794 1829/5/1794 1817/5/1794
f 1819/5/1795 1817/5/1795 1829/5/1795
f 1817/5/1795 1819/5/1795 1805/5/1795
f 1830/5/1796 1819/5/1796 1831/5/1796
f 1819/5/1796 1830/5/1796 1818/5/1796
f 1832/5/1797 1818/5/1797 1830/5/1797
f 1818/5/1797 1832/5/1797 1820/5/1797
f 1833/5/1798 1820/5/1798 1832/5/1798
f 1820/5/1798 1833/5/1798 1821/5/1798
f 1834/5/1799 1821/5/1799 1833/5/1799
f 1821/5/1799 1834/5/1799 1822/5/1799
f 1835/5/1800 1822/5/1800 1834/5/1800
f 1822/5/1800 1835/5/1800 1823/5/1800
f 1836/5/1801 1823/5/1801 1835/5/1801
f 1823/5/1801 1836/5/1801 1824/5/1801
f 1837/5/1802 1824/5/1802 1836/5/1802
f 1824/5/1802 1837/5/1802 1825/5/1802
f 1838/5/1803 1825/5/1803 1837/5/1803
f 1825/5/1803 1838/5/1803 1826/5/1803
f 1839/5/1804 1826/5/1804 1838/5/1804
f 1826/5/1804 1839/5/1804 1827/5/1804
f 1840/5/1805 1827/5/1805 1839/5/1805
f 1827/5/1805 1840/5/1805 1828/5/1805
f 1841/5/1806 1828/5/1806 1840/5/1806
f 1828/5/1806 1841/5/1806 1829/5/1806
f 1831/5/1807 1829/5/1807 1841/5/1807
f 1829/5/1807 1831/5/1807 1819/5/1807
f 1830/5/1808 1831/5/1808 1842/5/1808
f 1842/5/1808 1843/5/1808 1830/5/1808
f 1832/5/1809 1830/5/1809 1843/5/1809
f 1843/5/1809 1844/5/1809 1832/5/1809
f 1833/5/1810 1832/5/1810 1844/5/1810
f 1844/5/1810 1845/5/1810 1833/5/1810
f 1834/5/1811 1833/5/1811 1845/5/1811
f 1845/5/1811 1846/5/1811 1834/5/1811
f 1847/5/1812 1834/5/1812 1846/5/1812
f 1834/5/1812 1847/5/1812 1835/5/1812
f 1848/5/1813 1835/5/1813 1847/5/1813
f 1835/5/1813 1848/5/1813 1836/5/1813
f 1849/5/1814 1836/5/1814 1848/5/1814
f 1836/5/1814 1849/5/1814 1837/5/1814
f 1850/5/1815 1837/5/1815 1849/5/1815
f 1837/5/1815 1850/5/1815 1838/5/1815
f 1851/5/1816 1838/5/1816 1850/5/1816
f 1838/5/1816 1851/5/1816 1839/5/1816
f 1852/5/1817 1839/5/1817 1851/5/1817
f 1839/5/1817 1852/5/1817 1840/5/1817
f 1841/5/1818 1840/5/1818 1852/5/1818
f 1852/5/1818 1853/5/1818 1841/5/1818
f 1831/5/1819 1841/5/1819 1853/5/1819
f 1853/5/1819 1842/5/1819 1831/5/1819
f 1843/5/1820 1842/5/1820 1854/5/1820
f 1854/5/1820 1855/5/1820 1843/5/1820
f 1844/5/1821 1843/5/1821 1855/5/1821
f 1855/5/1821 1856/5/1821 1844/5/1821
f 1845/5/1822 1844/5/1822 1856/5/1822
f 1856/5/1822 1857/5/1822 1845/5/1822
f 1846/5/1823 1845/5/1823 1857/5/1823
f 1857/5/1823 1858/5/1823 1846/5/1823
f 1859/5/1824 1846/5/1824 1858/5/1824
f 1846/5/1824 1859/5/1824 1847/5/1824
f 1860/5/1825 1847/5/1825 1859/5/1825
f 1847/5/1825 1860/5/1825 1848/5/1825
f 1861/5/1826 1848/5/1826 1860/5/1826
f 1848/5/1826 1861/5/1826 1849/5/1826
f 1862/5/1827 1849/5/1827 1861/5/1827
f 1849/5/1827 1862/5/1827 1850/5/1827
f 1863/5/1828 1850/5/1828 1862/5/1828
f 1850/5/1828 1863/5/1828 1851/5/1828
f 1864/5/1829 1851/5/1829 1863/5/1829
f 1851/5/1829 1864/5/1829 1852/5/1829
f 1853/5/1830 1852/5/1830 1864/5/1830
f 1864/5/1830 1865/5/1830 1853/5/1830
f 1842/5/1831 1853/5/1831 1865/5/1831
f 1865/5/1831 1854/5/1831 1842/5/1831
f 1855/5/1832 1854/5/1832 1866/5/1832
f 1866/5/1832 1867/5/1832 1855/5/1832
f 1856/5/1833 1855/5/1833 1867/5/1833
f 1867/5/1833 1868/5/1833 1856/5/1833
f 1857/5/1834 1856/5/1834 1868/5/1834
f 1868/5/1834 1869/5/1834 1857/5/1834
f 1858/5/1835 1857/5/1835 1869/5/1835
f 1869/5/1835 1870/5/1835 1858/5/1835
f 1871/5/1836 1858/5/1836 1870/5/1836
f 1858/5/1836 1871/5/1836 1859/5/1836
f 1872/5/1837 1859/5/1837 1871/5/1837
f 1859/5/1837 1872/5/1837 1860/5/1837
f 1873/5/1838 1860/5/1838 1872/5/1838
f 1860/5/1838 1873/5/1838 1861/5/1838
f 1874/5/1839 1861/5/1839 1873/5/1839
f 1861/5/1839 1874/5/1839 1862/5/1839
f 1875/5/1840 1862/5/1840 1874/5/1840
f 1862/5/1840 1875/5/1840 1863/5/1840
f 1876/5/1841 1863/5/1841 1875/5/1841
f 1863/5/1841 1876/5/1841 1864/5/1841
f 1865/5/1842 1864/5/1842 1876/5/1842
f 1876/5/1842 1877/5/1842 1865/5/1842
f 1854/5/1843 1865/5/1843 1877/5/1843
f 1877/5/1843 1866/5/1843 1854/5/1843
f 1878/5/1844 1866/5/1844 1879/5/1844
f 1866/5/1844 1878/5/1844 1867/5/1844
f 1880/5/1845 1867/5/1845 1878/5/1845
f 1867/5/1845 1880/5/1845 1868/5/1845
f 1881/5/1846 1868/5/1846 1880/5/1846
f 1868/5/1846 1881/5/1846 1869/5/1846
f 1882/5/1847 1869/5/1847 1881/5/1847
f 1869/5/1847 1882/5/1847 1870/5/1847
f 1871/5/1848 1870/5/1848 1882/5/1848
f 1882/5/1848 1883/5/1848 1871/5/1848
f 1872/5/1849 1871/5/1849 1883/5/1849
f 1883/5/1849 1884/5/1849 1872/5/1849
f 1873/5/1850 1872/5/1850 1884/5/1850
f 1884/5/1850 1885/5/1850 1873/5/1850
f 1874/5/1851 1873/5/1851 1885/5/1851
f 1885/5/1851 1886/5/1851 1874/5/1851
f 1875/5/1852 1874/5/1852 1886/5/1852
f 1886/5/1852 1887/5/1852 1875/5/1852
f 1876/5/1853 1875/5/1853 1887/5/1853
f 1887/5/1853 1888/5/1853 1876/5/1853
f 1877/5/1854 1876/5/1854 1888/5/1854
f 1888/5/1854 1889/5/1854 1877/5/1854
f 1879/5/1855 1877/5/1855 1889/5/1855
f 1877/5/1855 1879/5/1855 1866/5/1855
f 1878/5/1856 1879/5/1856 1890/5/1856
f 1890/5/1856 1891/5/1856 1878/5/1856
f 1880/5/1857 1878/5/1857 1891/5/1857
f 1891/5/1857 1892/5/1857 1880/5/1857
f 1881/5/1858 1880/5/1858 1892/5/1858
f 1892/5/1858 1893/5/1858 1881/5/1858
f 1882/5/1859 1881/5/1859 1893/5/1859
f 1893/5/1859 1894/5/1859 1882/5/1859
f 1883/5/1860 1882/5/1860 1894/5/1860
f 1894/5/1860 1895/5/1860 1883/5/1860
f 1884/5/1861 1883/5/1861 1895/5/1861
f 1895/5/1861 1896/5/1861 1884/5/1861
f 1885/5/1862 1884/5/1862 1896/5/1862
f 1896/5/1862 1897/5/1862 1885/5/1862
f 1886/5/1863 1885/5/1863 1897/5/1863
f 1897/5/1863 1898/5/1863 1886/5/1863
f 1887/5/1864 1886/5/1864 1898/5/1864
f 1898/5/1864 1899/5/1864 1887/5/1864
f 1888/5/1865 1887/5/1865 1899/5/1865
f 1899/5/1865 1900/5/1865 1888/5/1865
f 1889/5/1866 1888/5/1866 1900/5/1866
f 1900/5/1866 1901/5/1866 1889/5/1866
f 1879/5/1867 1889/5/1867 1901/5/1867
f 1901/5/1867 1890/5/1867 1879/5/1867
f 1902/5/1868 1891/5/1868 1890/5/1868
f 1902/5/1869 1892/5/1869 1891/5/1869
f 1902/5/1870 1893/5/1870 1892/5/1870
f 1902/5/1871 1894/5/1871 1893/5/1871
f 1902/5/1872 1895/5/1872 1894/5/1872
f 1902/5/1873 1896/5/1873 1895/5/1873
f 1902/5/1874 1897/5/1874 1896/5/1874
f 1902/5/1875 1898/5/1875 1897/5/1875
f 1902/5/1876 1899/5/1876 1898/5/1876
f 1902/5/1877 1900/5/1877 1899/5/1877
f 1902/5/1878 1901/5/1878 1900/5/1878
f 1902/5/1879 1890/5/1879 1901/5/1879
f 1903/5/1880 1904/5/1880 1905/5/1880
f 1904/5/1880 1903/5/1880 1906/5/1880
f 1907/5/1881 1906/5/1881 1903/5/1881
f 1906/5/1881 1907/5/1881 1908/5/1881
f 1909/5/1882 1908/5/1882 1907/5/1882
f 1907/5/1882 1910/5/1882 1909/5/1882
f 1911/5/1883 1909/5/1883 1910/5/1883
f 1910/5/1883 1912/5/1883 1911/5/1883
f 1913/5/1884 1911/5/1884 1912/5/1884
f 1912/5/1884 1914/5/1884 1913/5/1884
f 1915/5/1885 1913/5/1885 1914/5/1885
f 1914/5/1885 1916/5/1885 1915/5/1885
f 1917/5/1886 1915/5/1886 1916/5/1886
f 1916/5/1886 1918/5/1886 1917/5/1886
f 1919/5/1887 1917/5/1887 1918/5/1887
f 1918/5/1887 1920/5/1887 1919/5/1887
f 1921/5/1888 1919/5/1888 1920/5/1888
f 1919/5/1888 1921/5/1888 1922/5/1888
f 1923/5/1889 1922/5/1889 1921/5/1889
f 1922/5/1889 1923/5/1889 1924/5/1889
f 1925/5/1890 1924/5/1890 1923/5/1890
f 1924/5/1890 1925/5/1890 1926/5/1890
f 1905/5/1891 1926/5/1891 1925/5/1891
f 1926/5/1891 1905/5/1891 1904/5/1891
f 1924/5/1892 1926/5/1892 1904/5/1892
f 1904/5/1892 1906/5/1892 1908/5/1892
f 1908/5/1892 1909/5/1892 1911/5/1892
f 1911/5/1892 1913/5/1892 1915/5/1892
f 1915/5/1892 1917/5/1892 1919/5/1892
f 1919/5/1892 1922/5/1892 1924/5/1892
f 1924/5/1892 1904/5/1892 1908/5/1892
f 1908/5/1892 1911/5/1892 1915/5/1892
f 1915/5/1892 1919/5/1892 1924/5/1892
f 1924/5/1892 1908/5/1892 1915/5/1892
f 1923/5/1893 1905/5/1893 1925/5/1893
f 1905/5/1893 1907/5/1893 1903/5/1893
f 1907/5/1893 1912/5/1893 1910/5/1893
f 1912/5/1893 1916/5/1893 1914/5/1893
f 1916/5/1893 1920/5/1893 1918/5/1893
f 1920/5/1893 1923/5/1893 1921/5/1893
f 1923/5/1893 1907/5/1893 1905/5/1893
f 1907/5/1893 1916/5/1893 1912/5/1893
f 1916/5/1893 1923/5/1893 1920/5/1893
f 1923/5/1893 1916/5/1893 1907/5/1893
f 1927/5/1894 1928/5/1894 1929/5/1894
f 1928/5/1895 1930/5/1895 1929/5/1895
f 1930/5/1896 1931/5/1896 1929/5/1896
f 1931/5/1897 1932/5/1897 1929/5/1897
f 1932/5/1898 1933/5/1898 1929/5/1898
f 1933/5/1899 1934/5/1899 1929/5/1899
f 1934/5/1900 1935/5/1900 1929/5/1900
f 1935/5/1901 1936/5/1901 1929/5/1901
f 1936/5/1902 1937/5/1902 1929/5/1902
f 1937/5/1903 1938/5/1903 1929/5/1903
f 1938/5/1904 1939/5/1904 1929/5/1904
f 1939/5/1905 1927/5/1905 1929/5/1905
f 1940/5/1906 1927/5/1906 1941/5/1906
f 1927/5/1906 1940/5/1906 1928/5/1906
f 1942/5/1907 1928/5/1907 1940/5/1907
f 1928/5/1907 1942/5/1907 1930/5/1907
f 1943/5/1908 1930/5/1908 1942/5/1908
f 1930/5/1908 1943/5/1908 1931/5/1908
f 1944/5/1909 1931/5/1909 1943/5/1909
f 1931/5/1909 1944/5/1909 1932/5/1909
f 1945/5/1910 1932/5/1910 1944/5/1910
f 1932/5/1910 1945/5/1910 1933/5/1910
f 1946/5/1911 1933/5/1911 1945/5/1911
f 1933/5/1911 1946/5/1911 1934/5/1911
f 1947/5/1912 1934/5/1912 1946/5/1912
f 1934/5/1912 1947/5/1912 1935/5/1912
f 1948/5/1913 1935/5/1913 1947/5/1913
f 1935/5/1913 1948/5/1913 1936/5/1913
f 1949/5/1914 1936/5/1914 1948/5/1914
f 1936/5/1914 1949/5/1914 1937/5/1914
f 1950/5/1915 1937/5/1915 1949/5/1915
f 1937/5/1915 1950/5/1915 1938/5/1915
f 1951/5/1916 1938/5/1916 1950/5/1916
f 1938/5/1916 1951/5/1916 1939/5/1916
f 1941/5/1917 1939/5/1917 1951/5/1917
f 1939/5/1917 1941/5/1917 1927/5/1917
f 1952/5/1918 1941/5/1918 1953/5/1918
f 1941/5/1918 1952/5/1918 1940/5/1918
f 1954/5/1919 1940/5/1919 1952/5/1919
f 1940/5/1919 1954/5/1919 1942/5/1919
f 1955/5/1920 1942/5/1920 1954/5/1920
f 1942/5/1920 1955/5/1920 1943/5/1920
f 1956/5/1921 1943/5/1921 1955/5/1921
f 1943/5/1921 1956/5/1921 1944/5/1921
f 1957/5/1922 1944/5/1922 1956/5/1922
f 1944/5/1922 1957/5/1922 1945/5/1922
f 1958/5/1923 1945/5/1923 1957/5/1923
f 1945/5/1923 1958/5/1923 1946/5/1923
f 1959/5/1924 1946/5/1924 1958/5/1924
f 1946/5/1924 1959/5/1924 1947/5/1924
f 1960/5/1925 1947/5/1925 1959/5/1925
f 1947/5/1925 1960/5/1925 1948/5/1925
f 1961/5/1926 1948/5/1926 1960/5/1926
f 1948/5/1926 1961/5/1926 1949/5/1926
f 1962/5/1927 1949/5/1927 1961/5/1927
f 1949/5/1927 1962/5/1927 1950/5/1927
f 1963/5/1928 1950/5/1928 1962/5/1928
f 1950/5/1928 1963/5/1928 1951/5/1928
f 1953/5/1929 1951/5/1929 1963/5/1929
f 1951/5/1929 1953/5/1929 1941/5/1929
f 1952/5/1930 1953/5/1930 1964/5/1930
f 1964/5/1930 1965/5/1930 1952/5/1930
f 1954/5/1931 1952/5/1931 1965/5/1931
f 1965/5/1931 1966/5/1931 1954/5/1931
f 1955/5/1932 1954/5/1932 1966/5/1932
f 1966/5/1932 1967/5/1932 1955/5/1932
f 1968/5/1933 1955/5/1933 1967/5/1933
f 1955/5/1933 1968/5/1933 1956/5/1933
f 1969/5/1934 1956/5/1934 1968/5/1934
f 1956/5/1934 1969/5/1934 1957/5/1934
f 1970/5/1935 1957/5/1935 1969/5/1935
f 1957/5/1935 1970/5/1935 1958/5/1935
f 1971/5/1936 1958/5/1936 1970/5/1936
f 1958/5/1936 1971/5/1936 1959/5/1936
f 1972/5/1937 1959/5/1937 1971/5/1937
f 1959/5/1937 1972/5/1937 1960/5/1937
f 1973/5/1938 1960/5/1938 1972/5/1938
f 1960/5/1938 1973/5/1938 1961/5/1938
f 1962/5/1939 1961/5/1939 1973/5/1939
f 1973/5/1939 1974/5/1939 1962/5/1939
f 1963/5/1940 1962/5/1940 1974/5/1940
f 1974/5/1940 1975/5/1940 1963/5/1940
f 1953/5/1941 1963/5/1941 1975/5/1941
f 1975/5/1941 1964/5/1941 1953/5/1941
f 1965/5/1942 1964/5/1942 1976/5/1942
f 1976/5/1942 1977/5/1942 1965/5/1942
f 1966/5/1943 1965/5/1943 1977/5/1943
f 1977/5/1943 1978/5/1943 1966/5/1943
f 1967/5/1944 1966/5/1944 1978/5/1944
f 1978/5/1944 1979/5/1944 1967/5/1944
f 1980/5/1945 1967/5/1945 1979/5/1945
f 1967/5/1945 1980/5/1945 1968/5/1945
f 1981/5/1946 1968/5/1946 1980/5/1946
f 1968/5/1946 1981/5/1946 1969/5/1946
f 1982/5/1947 1969/5/1947 1981/5/1947
f 1969/5/1947 1982/5/1947 1970/5/1947
f 1983/5/1948 1970/5/1948 1982/5/1948
f 1970/5/1948 1983/5/1948 1971/5/1948
f 1984/5/1949 1971/5/1949 1983/5/1949
f 1971/5/1949 1984/5/1949 1972/5/1949
f 1985/5/1950 1972/5/1950 1984/5/1950
f 1972/5/1950 1985/5/1950 1973/5/1950
f 1974/5/1951 1973/5/1951 1985/5/1951
f 1985/5/1951 1986/5/1951 1974/5/1951
f 1975/5/1952 1974/5/1952 1986/5/1952
f 1986/5/1952 1987/5/1952 1975/5/1952
f 1964/5/1953 1975/5/1953 1987/5/1953
f 1987/5/1953 1976/5/1953 1964/5/1953
f 1977/5/1954 1976/5/1954 1988/5/1954
f 1988/5/1954 1989/5/1954 1977/5/1954
f 1978/5/1955 1977/5/1955 1989/5/1955
f 1989/5/1955 1990/5/1955 1978/5/1955
f 1979/5/1956 1978/5/1956 1990/5/1956
f 1990/5/1956 1991/5/1956 1979/5/1956
f 1992/5/1957 1979/5/1957 1991/5/1957
f 1979/5/1957 1992/5/1957 1980/5/1957
f 1993/5/1958 1980/5/1958 1992/5/1958
f 1980/5/1958 1993/5/1958 1981/5/1958
f 1994/5/1959 1981/5/1959 1993/5/1959
f 1981/5/1959 1994/5/1959 1982/5/1959
f 1995/5/1960 1982/5/1960 1994/5/1960
f 1982/5/1960 1995/5/1960 1983/5/1960
f 1996/5/1961 1983/5/1961 1995/5/1961
f 1983/5/1961 1996/5/1961 1984/5/1961
f 1997/5/1962 1984/5/1962 1996/5/1962
f 1984/5/1962 1997/5/1962 1985/5/1962
f 1986/5/1963 1985/5/1963 1997/5/1963
f 1997/5/1963 1998/5/1963 1986/5/1963
f 1987/5/1964 1986/5/1964 1998/5/1964
f 1998/5/1964 1999/5/1964 1987/5/1964
f 1976/5/1965 1987/5/1965 1999/5/1965
f 1999/5/1965 1988/5/1965 1976/5/1965
f 2000/5/1966 1988/5/1966 2001/5/1966
f 1988/5/1966 2000/5/1966 1989/5/1966
f 2002/5/1967 1989/5/1967 2000/5/1967
f 1989/5/1967 2002/5/1967 1990/5/1967
f 2003/5/1968 1990/5/1968 2002/5/1968
f 1990/5/1968 2003/5/1968 1991/5/1968
f 1992/5/1969 1991/5/1969 2003/5/1969
f 2003/5/1969 2004/5/1969 1992/5/1969
f 1993/5/1970 1992/5/1970 2004/5/1970
f 2004/5/1970 2005/5/1970 1993/5/1970
f 1994/5/1971 1993/5/1971 2005/5/1971
f 2005/5/1971 2006/5/1971 1994/5/1971
f 1995/5/1972 1994/5/1972 2006/5/1972
f 2006/5/1972 2007/5/1972 1995/5/1972
f 1996/5/1973 1995/5/1973 2007/5/1973
f 2007/5/1973 2008/5/1973 1996/5/1973
f 1997/5/1974 1996/5/1974 2008/5/1974
f 2008/5/1974 2009/5/1974 1997/5/1974
f 1998/5/1975 1997/5/1975 2009/5/1975
f 2009/5/1975 2010/5/1975 1998/5/1975
f 2011/5/1976 1998/5/1976 2010/5/1976
f 1998/5/1976 2011/5/1976 1999/5/1976
f 2001/5/1977 1999/5/1977 2011/5/1977
f 1999/5/1977 2001/5/1977 1988/5/1977
f 2000/5/1978 2001/5/1978 2012/5/1978
f 2012/5/1978 2013/5/1978 2000/5/1978
f 2002/5/1979 2000/5/1979 2013/5/1979
f 2013/5/1979 2014/5/1979 2002/5/1979
f 2003/5/1980 2002/5/1980 2014/5/1980
f 2014/5/1980 2015/5/1980 2003/5/1980
f 2004/5/1981 2003/5/1981 2015/5/1981
f 2015/5/1981 2016/5/1981 2004/5/1981
f 2005/5/1982 2004/5/1982 2016/5/1982
f 2016/5/1982 2017/5/1982 2005/5/1982
f 2006/5/1983 2005/5/1983 2017/5/1983
f 2017/5/1983 2018/5/1983 2006/5/1983
f 2007/5/1984 2006/5/1984 2018/5/1984
f 2018/5/1984 2019/5/1984 2007/5/1984
f 2008/5/1985 2007/5/1985 2019/5/1985
f 2019/5/1985 2020/5/1985 2008/5/1985
f 2009/5/1986 2008/5/1986 2020/5/1986
f 2020/5/1986 2021/5/1986 2009/5/1986
f 2010/5/1987 2009/5/1987 2021/5/1987
f 2021/5/1987 2022/5/1987 2010/5/1987
f 2011/5/1988 2010/5/1988 2022/5/1988
f 2022/5/1988 2023/5/1988 2011/5/1988
f 2001/5/1989 2011/5/1989 2023/5/1989
f 2023/5/1989 2012/5/1989 2001/5/1989
f 2024/5/1990 2013/5/1990 2012/5/1990
f 2024/5/1991 2014/5/1991 2013/5/1991
f 2024/5/1992 2015/5/1992 2014/5/1992
f 2024/5/1993 2016/5/1993 2015/5/1993
f 2024/5/1994 2017/5/1994 2016/5/1994
f 2024/5/1995 2018/5/1995 2017/5/1995
f 2024/5/1996 2019/5/1996 2018/5/1996
f 2024/5/1997 2020/5/1997 2019/5/1997
f 2024/5/1998 2021/5/1998 2020/5/1998
f 2024/5/1999 2022/5/1999 2021/5/1999
f 2024/5/2000 2023/5/2000 2022/5/2000
f 2024/5/2001 2012/5/2001 2023/5/2001
f 2025/5/2002 2026/5/2002 2027/5/2002
f 2026/5/2002 2025/5/2002 2028/5/2002
f 2029/5/2003 2028/5/2003 2025/5/2003
f 2028/5/2003 2029/5/2003 2030/5/2003
f 2031/5/2004 2030/5/2004 2029/5/2004
f 2030/5/2004 2031/5/2004 2032/5/2004
f 2033/5/2005 2032/5/2005 2031/5/2005
f 2031/5/2005 2034/5/2005 2033/5/2005
f 2035/5/2006 2033/5/2006 2034/5/2006
f 2034/5/2006 2036/5/2006 2035/5/2006
f 2037/5/2007 2035/5/2007 2036/5/2007
f 2036/5/2007 2038/5/2007 2037/5/2007
f 2039/5/2008 2037/5/2008 2038/5/2008
f 2038/5/2008 2040/5/2008 2039/5/2008
f 2041/5/2009 2039/5/2009 2040/5/2009
f 2040/5/2009 2042/5/2009 2041/5/2009
f 2043/5/2010 2041/5/2010 2042/5/2010
f 2042/5/2010 2044/5/2010 2043/5/2010
f 2045/5/2011 2043/5/2011 2044/5/2011
f 2043/5/2011 2045/5/2011 2046/5/2011
f 2047/5/2012 2046/5/2012 2045/5/2012
f 2046/5/2012 2047/5/2012 2048/5/2012
f 2027/5/2013 2048/5/2013 2047/5/2013
f 2048/5/2013 2027/5/2013 2026/5/2013
f 2046/5/2014 2048/5/2014 2026/5/2014
f 2026/5/2014 2028/5/2014 2030/5/2014
f 2030/5/2014 2032/5/2014 2033/5/2014
f 2033/5/2014 2035/5/2014 2037/5/2014
f 2037/5/2014 2039/5/2014 2041/5/2014
f 2041/5/2014 2043/5/2014 2046/5/2014
f 2046/5/2014 2026/5/2014 2030/5/2014
f 2030/5/2014 2033/5/2014 2037/5/2014
f 2037/5/2014 2041/5/2014 2046/5/2014
f 2046/5/2014 2030/5/2014 2037/5/2014
f 2045/5/2015 2027/5/2015 2047/5/2015
f 2027/5/2015 2029/5/2015 2025/5/2015
f 2029/5/2015 2034/5/2015 2031/5/2015
f 2034/5/2015 2038/5/2015 2036/5/2015
f 2038/5/2015 2042/5/2015 2040/5/2015
f 2042/5/2015 2045/5/2015 2044/5/2015
f 2045/5/2015 2029/5/2015 2027/5/2015
f 2029/5/2015 2038/5/2015 2034/5/2015
f 2038/5/2015 2045/5/2015 2042/5/2015
f 2045/5/2015 2038/5/2015 2029/5/2015
